image,class,confidence_percent,bbox_width,bbox_height,bbox_area,aspect_ratio,damage_shape,center_x,center_y,severity_score,severity_label
ContainerDamage_1011.jpg,DENT,51.46,228.72,298.87,68358.66,0.765,tall,207.07,482.0,35176.95,High
ContainerDamage_1035.jpg,DENT,47.61,145.1,304.26,44147.97,0.477,tall,207.36,411.9,21017.23,High
ContainerDamage_1035.jpg,DENT,30.73,88.77,124.39,11042.15,0.714,tall,542.87,538.26,3393.17,Low
ContainerDamage_1045.jpg,DENT,75.22,195.67,323.38,63276.35,0.605,tall,474.76,284.32,47593.68,High
ContainerDamage_1045.jpg,DENT,26.9,141.39,288.59,40804.48,0.49,tall,477.77,267.67,10977.53,High
ContainerDamage_1061.jpg,DENT,55.03,151.77,148.39,22520.76,1.023,wide,561.4,314.51,12393.74,High
ContainerDamage_1070.jpg,DAMAGE - DEFRAME,79.85,571.17,562.63,321357.86,1.015,wide,317.78,283.03,256590.84,High
ContainerDamage_1070.jpg,DAMAGE - DEFRAME,73.77,412.37,463.58,191165.26,0.89,tall,256.08,245.84,141023.97,High
ContainerDamage_1070.jpg,DAMAGE - DEFRAME,53.86,334.71,332.72,111366.49,1.006,wide,292.07,172.39,59980.48,High
ContainerDamage_1070.jpg,DAMAGE - DEFRAME,51.95,585.23,257.17,150500.69,2.276,wide,321.78,319.4,78180.69,High
ContainerDamage_1072.jpg,DAMAGE - DEFRAME,27.34,544.43,258.81,140904.52,2.104,wide,346.04,226.25,38517.38,High
ContainerDamage_1079.jpg,DENT,28.1,237.12,312.05,73993.95,0.76,tall,148.41,422.76,20794.15,High
ContainerDamage_1084.jpg,DENT,72.72,89.75,97.07,8711.97,0.925,tall,208.4,430.55,6335.39,Low
ContainerDamage_1145.jpg,DENT,43.68,301.46,75.07,22629.07,4.016,wide,212.42,136.25,9884.26,High
ContainerDamage_1147.jpg,DENT,43.43,104.51,168.71,17630.81,0.619,tall,506.06,487.64,7657.55,Low
ContainerDamage_1148.jpg,DENT,33.61,462.03,219.26,101303.78,2.107,wide,282.83,288.63,34046.54,High
ContainerDamage_1148.jpg,DENT,27.73,440.37,163.55,72021.71,2.693,wide,255.91,316.55,19971.58,High
ContainerDamage_1148.jpg,DENT,25.28,350.28,200.62,70273.58,1.746,wide,327.54,268.95,17766.63,High
ContainerDamage_1151.jpg,DENT,54.55,166.03,132.32,21968.15,1.255,wide,547.78,66.16,11984.72,High
ContainerDamage_1156.jpg,DENT,44.32,179.32,129.25,23177.12,1.387,wide,390.12,64.62,10272.67,High
ContainerDamage_1172.jpg,DENT,39.3,440.59,380.65,167711.96,1.157,wide,409.48,267.37,65906.09,High
ContainerDamage_1172.jpg,DENT,29.22,363.27,166.91,60635.93,2.176,wide,458.36,174.44,17719.26,High
ContainerDamage_1175.jpg,DENT,25.3,479.04,196.99,94366.32,2.432,wide,246.47,220.02,23875.5,High
ContainerDamage_1177.jpg,DENT,62.99,222.99,428.42,95534.44,0.52,tall,146.15,258.99,60176.98,High
ContainerDamage_1177.jpg,DENT,33.03,162.53,364.52,59245.0,0.446,tall,150.36,253.1,19570.35,High
ContainerDamage_1178.jpg,DENT,42.69,323.01,600.75,194045.47,0.538,tall,413.21,339.63,82846.46,High
ContainerDamage_1221.jpg,DENT,50.65,336.58,232.61,78289.56,1.447,wide,268.25,340.07,39652.98,High
ContainerDamage_1221.jpg,DENT,47.46,243.12,207.7,50496.17,1.17,wide,273.13,342.26,23965.2,High
ContainerDamage_1264.jpg,DAMAGE - RUST,92.83,54.19,74.26,4024.06,0.73,tall,227.42,474.58,3735.6,Low
ContainerDamage_1264.jpg,DAMAGE - RUST,91.42,62.6,48.75,3051.58,1.284,wide,411.61,399.79,2789.67,Low
ContainerDamage_1264.jpg,DAMAGE - RUST,54.61,17.64,43.13,760.92,0.409,tall,525.79,234.05,415.56,Low
ContainerDamage_1264.jpg,DAMAGE - RUST,51.74,24.86,49.78,1237.63,0.5,tall,524.91,235.2,640.33,Low
ContainerDamage_1264.jpg,DAMAGE - RUST,48.74,44.93,58.5,2628.56,0.768,tall,230.51,480.39,1281.2,Low
ContainerDamage_1264.jpg,DAMAGE - RUST,46.62,42.69,32.32,1379.84,1.321,wide,410.41,202.96,643.24,Low
ContainerDamage_1264.jpg,DAMAGE - RUST,44.97,19.17,43.81,840.04,0.438,tall,173.72,385.92,377.75,Low
ContainerDamage_1264.jpg,DAMAGE - RUST,41.96,25.23,50.24,1267.36,0.502,tall,172.73,386.6,531.75,Low
ContainerDamage_1264.jpg,DAMAGE - RUST,37.42,72.94,68.68,5009.38,1.062,wide,409.99,402.08,1874.43,Low
ContainerDamage_1264.jpg,DAMAGE - RUST,33.26,50.23,45.27,2273.82,1.11,wide,407.1,202.67,756.3,Low
ContainerDamage_1264.jpg,DAMAGE - RUST,32.68,85.17,72.93,6211.05,1.168,wide,387.56,277.51,2030.04,Low
ContainerDamage_1264.jpg,DAMAGE - RUST,31.79,71.12,81.21,5775.62,0.876,tall,223.78,470.72,1836.33,Low
ContainerDamage_1264.jpg,DAMAGE - RUST,30.58,67.65,46.64,3155.03,1.451,wide,383.62,269.89,964.66,Low
ContainerDamage_1294.jpg,DENT,36.4,502.8,547.6,275333.16,0.918,tall,284.44,300.05,100228.1,High
ContainerDamage_1311.jpg,DAMAGE - DEFRAME,53.72,134.73,357.76,48199.43,0.377,tall,375.4,258.98,25893.69,High
ContainerDamage_1311.jpg,DAMAGE - DEFRAME,45.19,102.09,323.18,32994.22,0.316,tall,379.71,262.01,14909.91,High
ContainerDamage_1311.jpg,DAMAGE - DEFRAME,28.13,80.92,385.77,31217.24,0.21,tall,378.86,242.66,8780.5,High
ContainerDamage_1325.jpg,DENT,32.09,254.22,120.3,30583.78,2.113,wide,152.74,576.26,9814.72,High
ContainerDamage_1329.jpg,DENT,25.12,126.69,337.92,42809.38,0.375,tall,63.56,447.22,10755.55,High
ContainerDamage_1337.jpg,DENT,43.71,81.5,262.15,21365.1,0.311,tall,438.45,131.91,9338.87,High
ContainerDamage_1337.jpg,DENT,38.22,105.31,213.36,22468.13,0.494,tall,555.51,176.56,8588.3,High
ContainerDamage_1337.jpg,DENT,31.24,120.19,278.68,33494.07,0.431,tall,560.86,143.93,10464.14,High
ContainerDamage_1345.jpg,DENT,42.43,219.06,253.87,55614.0,0.863,tall,417.48,497.28,23599.04,High
ContainerDamage_1349.jpg,DENT,31.13,225.9,225.04,50837.01,1.004,wide,524.75,113.0,15823.12,High
ContainerDamage_1349.jpg,DENT,25.68,164.96,214.2,35333.67,0.77,tall,535.72,109.25,9073.53,High
ContainerDamage_1352.jpg,DENT,33.06,293.38,242.62,71181.66,1.209,wide,184.65,224.62,23529.34,High
ContainerDamage_1360.jpg,DENT,26.85,418.5,321.89,134711.24,1.3,wide,231.48,198.32,36165.25,High
ContainerDamage_137.jpg,DAMAGE - DEFRAME,75.85,48.87,361.99,17689.47,0.135,tall,412.15,396.5,13418.18,Low
ContainerDamage_137.jpg,DAMAGE - DEFRAME,36.39,67.78,335.72,22753.95,0.202,tall,414.36,384.95,8281.25,High
ContainerDamage_1380.jpg,DENT,31.62,155.74,126.2,19653.75,1.234,wide,523.01,576.9,6214.59,Low
ContainerDamage_1380.jpg,DENT,27.79,145.45,230.86,33579.87,0.63,tall,415.39,420.21,9332.67,High
ContainerDamage_1380.jpg,DENT,25.03,115.12,99.92,11501.89,1.152,wide,252.56,580.67,2879.09,Low
ContainerDamage_1391.jpg,DENT,59.35,382.49,146.01,55847.11,2.62,wide,448.75,234.5,33145.29,High
ContainerDamage_1409.jpg,DENT,47.86,124.7,115.03,14344.36,1.084,wide,240.27,133.4,6865.5,Low
ContainerDamage_1409.jpg,DENT,36.67,145.66,149.2,21732.97,0.976,tall,241.01,127.73,7970.17,High
ContainerDamage_1444.jpg,DENT,50.97,221.85,122.02,27069.38,1.818,wide,529.08,338.23,13797.74,High
ContainerDamage_1445.jpg,DENT,33.68,190.86,236.05,45052.09,0.809,tall,363.93,498.63,15173.67,High
ContainerDamage_1459.jpg,DENT,30.41,291.96,151.52,44236.06,1.927,wide,275.44,94.68,13452.03,High
ContainerDamage_1459.jpg,DENT,28.19,138.93,116.87,16236.06,1.189,wide,455.19,500.53,4576.18,Low
ContainerDamage_1466.jpg,DENT,42.08,290.88,97.88,28470.9,2.972,wide,358.81,109.3,11981.15,High
ContainerDamage_1468.jpg,DENT,28.2,280.17,275.33,77141.14,1.018,wide,264.21,457.95,21752.76,High
ContainerDamage_151.jpg,DAMAGE - DEFRAME,35.31,265.67,321.15,85320.93,0.827,tall,393.43,422.12,30127.98,High
ContainerDamage_1519.jpg,DAMAGE - DEFRAME,41.31,185.59,481.91,89438.6,0.385,tall,546.68,242.37,36950.79,High
ContainerDamage_1519.jpg,DAMAGE - DEFRAME,30.98,252.07,535.64,135019.29,0.471,tall,513.96,269.11,41825.63,High
ContainerDamage_1523.jpg,DAMAGE - DEFRAME,96.51,479.45,401.83,192654.98,1.193,wide,239.72,433.49,185930.43,High
ContainerDamage_1523.jpg,DAMAGE - DEFRAME,39.83,332.36,353.73,117568.47,0.94,tall,166.18,423.75,46824.24,High
ContainerDamage_1523.jpg,DAMAGE - DEFRAME,36.35,237.6,374.21,88911.77,0.635,tall,119.49,445.77,32320.89,High
ContainerDamage_1537.jpg,DAMAGE - HOLE,87.92,99.0,117.3,11612.42,0.844,tall,240.19,391.79,10209.22,Low
ContainerDamage_1540.jpg,DAMAGE - HOLE,88.26,87.63,62.14,5444.72,1.41,wide,416.65,401.9,4805.6,Low
ContainerDamage_1540.jpg,DAMAGE - HOLE,55.48,68.98,64.51,4449.68,1.069,wide,548.28,401.84,2468.74,Low
ContainerDamage_1540.jpg,DAMAGE - HOLE,41.63,101.81,79.73,8117.59,1.277,wide,413.59,399.8,3379.36,Low
ContainerDamage_1540.jpg,DAMAGE - HOLE,40.79,98.33,94.33,9275.65,1.042,wide,548.69,408.28,3783.08,Low
ContainerDamage_1540.jpg,DAMAGE - HOLE,36.06,81.89,79.76,6531.91,1.027,wide,550.99,400.25,2355.18,Low
ContainerDamage_1549.jpg,DAMAGE - HOLE,83.39,80.73,72.78,5875.44,1.109,wide,289.84,462.55,4899.67,Low
ContainerDamage_1549.jpg,DAMAGE - HOLE,66.32,77.75,84.54,6573.2,0.92,tall,383.88,386.66,4359.36,Low
ContainerDamage_1549.jpg,DAMAGE - HOLE,64.89,60.51,64.06,3876.17,0.944,tall,389.71,383.42,2515.25,Low
ContainerDamage_1561.jpg,DAMAGE - HOLE,59.9,119.16,107.09,12760.9,1.113,wide,192.91,53.65,7643.24,Low
ContainerDamage_1561.jpg,DAMAGE - HOLE,44.02,62.05,53.32,3308.12,1.164,wide,315.03,41.28,1456.18,Low
ContainerDamage_1561.jpg,DAMAGE - HOLE,37.0,96.1,92.27,8867.4,1.041,wide,198.54,53.97,3281.11,Low
ContainerDamage_1561.jpg,DAMAGE - HOLE,32.7,76.93,72.55,5580.92,1.06,wide,315.58,41.32,1825.11,Low
ContainerDamage_1561.jpg,DAMAGE - HOLE,31.05,119.46,150.15,17936.52,0.796,tall,59.73,239.5,5568.97,Low
ContainerDamage_1603.jpg,DAMAGE - DEFRAME,38.12,135.46,220.23,29832.94,0.615,tall,518.0,510.37,11371.28,High
ContainerDamage_1603.jpg,DAMAGE - HOLE,27.78,93.36,137.69,12855.29,0.678,tall,511.12,546.29,3570.81,Low
ContainerDamage_1603.jpg,DAMAGE - HOLE,25.85,107.29,197.32,21170.22,0.544,tall,528.1,506.05,5472.31,High
ContainerDamage_1604.jpg,DAMAGE - DEFRAME,88.4,261.39,309.16,80810.28,0.845,tall,359.56,477.82,71438.99,High
ContainerDamage_1604.jpg,DAMAGE - DEFRAME,74.31,378.34,342.61,129622.77,1.104,wide,308.55,468.69,96319.01,High
ContainerDamage_1604.jpg,DAMAGE - DEFRAME,36.11,237.45,356.6,84676.22,0.666,tall,203.66,461.7,30577.05,High
ContainerDamage_1604.jpg,DAMAGE - DEFRAME,35.16,231.72,123.75,28674.86,1.873,wide,371.06,378.18,10081.82,High
ContainerDamage_1615.jpg,DENT,31.76,131.12,89.5,11735.89,1.465,wide,292.93,248.65,3727.49,Low
ContainerDamage_1620.jpg,DENT,28.31,224.37,101.85,22852.15,2.203,wide,518.84,130.31,6469.28,High
ContainerDamage_1629.jpg,DENT,48.63,268.79,364.77,98048.48,0.737,tall,384.9,339.66,47680.68,High
ContainerDamage_1629.jpg,DENT,31.31,184.36,293.7,54145.0,0.628,tall,414.0,315.39,16952.12,High
ContainerDamage_1644.jpg,DENT,65.19,183.41,86.96,15949.03,2.109,wide,261.23,445.45,10397.09,Low
ContainerDamage_1644.jpg,DENT,56.96,93.24,65.98,6152.1,1.413,wide,489.82,440.71,3504.47,Low
ContainerDamage_1644.jpg,DENT,51.32,95.01,96.6,9177.3,0.984,tall,395.37,287.18,4709.74,Low
ContainerDamage_1678.jpg,DENT,25.09,115.65,130.33,15072.25,0.887,tall,177.53,65.17,3780.91,Low
ContainerDamage_1679.jpg,DENT,40.93,102.96,112.57,11591.17,0.915,tall,489.84,81.3,4743.94,Low
ContainerDamage_1679.jpg,DENT,30.07,79.39,89.64,7116.37,0.886,tall,496.79,81.1,2139.6,Low
ContainerDamage_1682.jpg,DENT,55.0,137.55,202.63,27871.46,0.679,tall,569.37,176.36,15330.23,High
ContainerDamage_1682.jpg,DENT,33.9,120.52,124.64,15021.5,0.967,tall,148.22,533.46,5092.24,Low
ContainerDamage_1682.jpg,DENT,25.15,101.65,98.27,9988.98,1.034,wide,149.67,531.12,2512.56,Low
ContainerDamage_1694.jpg,DENT,66.02,124.26,202.19,25125.27,0.615,tall,532.57,209.52,16588.61,High
ContainerDamage_1697.jpg,DENT,50.69,120.98,206.24,24950.61,0.587,tall,232.78,211.27,12647.79,High
ContainerDamage_1730.jpg,DAMAGE - RUST,30.82,231.25,163.88,37897.47,1.411,wide,522.47,449.22,11679.38,High
ContainerDamage_1746.jpg,DAMAGE - DEFRAME,76.02,224.93,258.15,58066.72,0.871,tall,213.7,446.07,44143.58,High
ContainerDamage_1750.jpg,DENT,63.37,495.2,619.68,306868.66,0.799,tall,254.99,310.99,194467.8,High
ContainerDamage_1757.jpg,DENT,72.06,476.65,580.42,276658.07,0.821,tall,255.07,291.56,199373.26,High
ContainerDamage_1757.jpg,DENT,25.5,367.46,517.11,190019.73,0.711,tall,281.68,304.13,48455.27,High
ContainerDamage_1761.jpg,DENT,68.09,538.13,639.49,344133.08,0.841,tall,370.93,320.02,234320.74,High
ContainerDamage_1779.jpg,DENT,54.77,287.54,289.1,83126.57,0.995,tall,494.4,456.23,45527.59,High
ContainerDamage_1782.jpg,DENT,32.82,186.77,177.04,33065.35,1.055,wide,347.24,235.07,10852.53,High
ContainerDamage_1790.jpg,DENT,41.91,137.15,360.23,49405.54,0.381,tall,406.43,264.36,20707.55,High
ContainerDamage_1790.jpg,DENT,32.38,131.17,260.4,34157.44,0.504,tall,409.74,303.08,11061.03,High
ContainerDamage_1802.jpg,DENT,30.61,203.29,336.94,68496.38,0.603,tall,388.03,373.54,20968.71,High
ContainerDamage_1816.jpg,DENT,25.37,134.97,134.63,18170.44,1.003,wide,337.57,499.31,4609.33,Low
ContainerDamage_1821.jpg,DENT,31.97,71.75,129.65,9302.18,0.553,tall,124.12,358.78,2973.79,Low
ContainerDamage_1823.jpg,DENT,27.71,132.6,172.71,22901.04,0.768,tall,375.68,155.92,6345.77,High
ContainerDamage_1838.jpg,DAMAGE - RUST,41.08,39.18,410.46,16081.36,0.095,tall,456.25,378.8,6606.25,Low
ContainerDamage_1838.jpg,DAMAGE - RUST,38.66,43.07,307.94,13262.28,0.14,tall,456.65,330.67,5126.81,Low
ContainerDamage_1875.jpg,DENT,27.57,56.26,37.72,2122.02,1.492,wide,100.03,328.08,585.01,Low
ContainerDamage_1875.jpg,DAMAGE - RUST,25.95,61.18,144.55,8843.31,0.423,tall,506.66,149.86,2294.63,Low
ContainerDamage_1895.jpg,DAMAGE - DEFRAME,43.79,397.81,303.06,120560.49,1.313,wide,435.43,474.18,52794.98,High
ContainerDamage_1899.jpg,DENT,26.69,170.76,136.7,23342.97,1.249,wide,225.57,440.47,6230.7,High
ContainerDamage_201.jpg,DENT,28.76,473.79,253.06,119895.57,1.872,wide,238.77,158.98,34479.4,High
ContainerDamage_201.jpg,DENT,27.04,424.33,310.34,131688.21,1.367,wide,364.93,163.25,35605.33,High
ContainerDamage_2109.jpg,DENT,34.34,76.04,125.59,9549.47,0.605,tall,381.39,466.4,3279.61,Low
ContainerDamage_2147.jpg,DENT,35.94,122.36,120.35,14725.32,1.017,wide,355.32,205.84,5292.06,Low
ContainerDamage_2261.jpg,DAMAGE - RUST,87.25,246.68,126.93,31310.48,1.943,wide,128.58,287.23,27317.1,High
ContainerDamage_2261.jpg,DAMAGE - RUST,50.43,110.36,49.23,5433.43,2.242,wide,195.24,165.07,2740.17,Low
ContainerDamage_2261.jpg,DAMAGE - RUST,45.62,99.41,40.12,3988.62,2.478,wide,203.52,161.0,1819.8,Low
ContainerDamage_2261.jpg,DAMAGE - RUST,39.09,87.58,34.87,3053.94,2.512,wide,214.56,155.42,1193.92,Low
ContainerDamage_2261.jpg,DAMAGE - RUST,30.39,120.4,140.33,16895.86,0.858,tall,317.57,429.29,5134.06,Low
ContainerDamage_2261.jpg,DAMAGE - RUST,26.15,27.57,29.89,824.09,0.922,tall,82.25,470.78,215.51,Low
ContainerDamage_2261.jpg,DAMAGE - RUST,26.07,74.52,28.22,2102.86,2.641,wide,220.37,155.74,548.3,Low
ContainerDamage_2261.jpg,DAMAGE - RUST,25.25,24.81,29.6,734.33,0.838,tall,399.06,139.66,185.42,Low
ContainerDamage_2261.jpg,DAMAGE - RUST,25.02,197.23,109.76,21646.95,1.797,wide,105.5,295.12,5416.34,High
ContainerDamage_2274.jpg,DENT,30.29,265.23,370.3,98217.37,0.716,tall,507.21,206.13,29750.66,High
ContainerDamage_2290.jpg,DENT,62.8,357.26,312.36,111595.38,1.144,wide,461.37,468.92,70083.17,High
ContainerDamage_2297.jpg,DENT,30.55,119.55,139.86,16720.94,0.855,tall,387.41,282.63,5107.68,Low
ContainerDamage_2309.jpg,DENT,49.29,465.08,158.93,73914.93,2.926,wide,308.93,389.88,36431.1,High
ContainerDamage_2309.jpg,DENT,40.1,69.67,110.9,7726.68,0.628,tall,605.16,211.39,3098.67,Low
ContainerDamage_2309.jpg,DENT,39.25,223.19,99.38,22181.64,2.246,wide,191.97,388.38,8707.33,High
ContainerDamage_2309.jpg,DENT,37.09,319.3,89.12,28455.73,3.583,wide,247.85,379.17,10555.04,High
ContainerDamage_2309.jpg,DENT,34.26,133.57,214.35,28630.31,0.623,tall,482.76,421.05,9809.69,High
ContainerDamage_2322.jpg,DAMAGE - DEFRAME,30.44,219.02,556.05,121786.57,0.394,tall,450.29,302.09,37077.11,High
ContainerDamage_2331.jpg,DENT,26.13,93.0,69.98,6508.57,1.329,wide,50.52,337.92,1700.54,Low
ContainerDamage_2349.jpg,DENT,49.36,126.48,205.39,25977.09,0.616,tall,222.98,225.8,12823.05,High
ContainerDamage_2349.jpg,DENT,46.19,123.71,153.79,19025.33,0.804,tall,423.45,384.13,8787.4,Low
ContainerDamage_2351.jpg,DENT,58.13,141.84,203.11,28809.27,0.698,tall,441.0,231.98,16746.4,High
ContainerDamage_2380.jpg,DENT,51.84,172.02,161.64,27804.9,1.064,wide,89.08,348.25,14412.94,High
ContainerDamage_2387.jpg,DENT,26.52,191.1,614.93,117512.77,0.311,tall,333.43,324.19,31166.28,High
ContainerDamage_2395.jpg,DENT,45.5,503.48,275.82,138868.84,1.825,wide,355.68,270.17,63183.21,High
ContainerDamage_2395.jpg,DENT,25.29,519.29,385.42,200146.91,1.347,wide,358.01,264.77,50610.04,High
ContainerDamage_2395.jpg,DENT,25.18,319.8,122.94,39317.19,2.601,wide,452.13,234.89,9901.4,High
ContainerDamage_2396.jpg,DENT,64.22,224.43,336.13,75437.15,0.668,tall,143.09,365.36,48442.55,High
ContainerDamage_2396.jpg,DENT,32.5,148.18,305.13,45214.95,0.486,tall,135.04,368.91,14694.73,High
ContainerDamage_2396.jpg,DENT,26.51,284.35,416.87,118535.99,0.682,tall,146.46,340.29,31421.08,High
ContainerDamage_2439.jpg,DAMAGE - DEFRAME,31.87,273.16,151.78,41461.45,1.8,wide,165.72,141.0,13213.6,High
ContainerDamage_2439.jpg,DAMAGE - RUST,27.27,274.66,111.5,30625.51,2.463,wide,390.94,524.77,8350.38,High
ContainerDamage_2459.jpg,DAMAGE - HOLE,34.88,119.09,92.66,11034.73,1.285,wide,214.68,559.32,3848.76,Low
ContainerDamage_2459.jpg,DAMAGE - DEFRAME,31.97,360.95,301.07,108671.69,1.199,wide,459.53,359.29,34742.79,High
ContainerDamage_2459.jpg,DAMAGE - HOLE,30.87,90.79,68.97,6261.86,1.316,wide,207.66,560.16,1933.08,Low
ContainerDamage_2461.jpg,DAMAGE - HOLE,56.99,99.67,83.9,8362.93,1.188,wide,529.82,162.07,4766.05,Low
ContainerDamage_2461.jpg,DAMAGE - HOLE,52.04,59.12,62.09,3671.15,0.952,tall,437.76,205.44,1910.51,Low
ContainerDamage_2461.jpg,DAMAGE - HOLE,35.31,74.35,78.93,5868.58,0.942,tall,439.59,203.65,2071.97,Low
ContainerDamage_2461.jpg,DAMAGE - DEFRAME,31.49,162.81,260.7,42443.31,0.625,tall,81.52,274.89,13367.28,High
ContainerDamage_2461.jpg,DAMAGE - HOLE,26.78,122.12,109.4,13360.18,1.116,wide,535.98,163.3,3577.67,Low
ContainerDamage_2475.jpg,DENT,26.81,96.13,233.95,22489.99,0.411,tall,283.3,355.52,6029.38,High
ContainerDamage_2486.jpg,DENT,30.56,314.22,259.08,81407.32,1.213,wide,287.23,341.69,24876.57,High
ContainerDamage_2491.jpg,DENT,26.97,285.02,313.16,89255.61,0.91,tall,278.18,251.15,24068.05,High
ContainerDamage_2496.jpg,DENT,28.4,564.2,620.47,350071.06,0.909,tall,342.7,320.23,99420.14,High
ContainerDamage_2497.jpg,DENT,33.69,411.54,569.96,234558.63,0.722,tall,431.52,284.98,79019.3,High
ContainerDamage_25.jpg,DENT,52.34,171.53,193.75,33233.9,0.885,tall,439.68,202.21,17393.62,High
ContainerDamage_25.jpg,DENT,31.97,303.35,179.0,54300.32,1.695,wide,384.98,197.53,17358.81,High
ContainerDamage_2503.jpg,DENT,33.4,524.55,529.42,277708.48,0.991,tall,263.27,300.58,92741.72,High
ContainerDamage_2517.jpg,DENT,38.01,194.59,197.29,38391.04,0.986,tall,541.91,427.08,14592.37,High
ContainerDamage_2517.jpg,DENT,28.25,403.2,289.19,116601.25,1.394,wide,433.79,418.48,32939.34,High
ContainerDamage_2550.jpg,DENT,31.62,249.88,291.98,72960.65,0.856,tall,344.58,229.45,23068.89,High
ContainerDamage_2558.jpg,DENT,40.84,246.41,81.81,20159.28,3.012,wide,265.06,277.2,8232.89,High
ContainerDamage_2560.jpg,DENT,33.87,138.17,200.49,27702.44,0.689,tall,299.13,262.59,9383.83,High
ContainerDamage_2576.jpg,DENT,28.9,105.59,122.01,12882.38,0.865,tall,218.83,357.52,3723.12,Low
ContainerDamage_2576.jpg,DENT,26.4,162.34,135.17,21942.54,1.201,wide,375.0,238.67,5793.08,High
ContainerDamage_2587.jpg,DENT,44.04,86.09,60.91,5244.13,1.413,wide,103.91,544.95,2309.45,Low
ContainerDamage_2587.jpg,DENT,34.83,74.46,47.71,3552.69,1.561,wide,103.95,546.92,1237.25,Low
ContainerDamage_2605.jpg,DENT,38.27,329.68,337.67,111321.02,0.976,tall,165.49,389.01,42604.53,High
ContainerDamage_2608.jpg,DENT,44.17,166.95,178.08,29730.55,0.938,tall,208.41,473.16,13131.68,High
ContainerDamage_2611.jpg,DENT,47.35,120.16,102.14,12272.96,1.176,wide,286.77,501.22,5811.44,Low
ContainerDamage_2611.jpg,DENT,25.75,143.47,128.22,18395.93,1.119,wide,291.01,497.86,4737.85,Low
ContainerDamage_2629.jpg,DENT,49.53,182.72,130.04,23760.47,1.405,wide,99.81,102.4,11769.35,High
ContainerDamage_2635.jpg,DENT,33.64,241.29,268.14,64698.6,0.9,tall,263.93,308.6,21764.45,High
ContainerDamage_2646.jpg,DENT,29.26,194.31,308.2,59887.39,0.63,tall,317.66,300.44,17522.49,High
ContainerDamage_2653.jpg,DENT,33.92,218.16,158.79,34641.82,1.374,wide,109.53,255.36,11750.2,High
ContainerDamage_2653.jpg,DENT,31.9,622.85,439.62,273816.0,1.417,wide,312.01,276.77,87355.07,High
ContainerDamage_2653.jpg,DENT,28.14,424.73,249.84,106116.0,1.7,wide,392.97,346.53,29862.2,High
ContainerDamage_268.jpg,DENT,25.75,55.33,56.88,3147.43,0.973,tall,427.98,361.23,810.49,Low
ContainerDamage_2680.jpg,DENT,60.13,89.21,105.65,9424.12,0.844,tall,77.85,510.01,5666.89,Low
ContainerDamage_2680.jpg,DENT,31.65,181.77,179.91,32703.51,1.01,wide,357.34,312.63,10351.56,High
ContainerDamage_2680.jpg,DENT,25.83,66.61,72.34,4818.77,0.921,tall,298.62,478.74,1244.82,Low
ContainerDamage_2686.jpg,DENT,28.25,306.25,56.93,17436.29,5.379,wide,340.61,509.64,4926.24,Low
ContainerDamage_2702.jpg,DENT,53.92,283.76,388.16,110141.72,0.731,tall,214.3,314.87,59393.44,High
ContainerDamage_2712.jpg,DENT,45.48,221.72,215.85,47858.64,1.027,wide,355.94,357.63,21767.35,High
ContainerDamage_2712.jpg,DENT,30.75,219.15,206.39,45230.68,1.062,wide,383.33,374.34,13907.65,High
ContainerDamage_2715.jpg,DENT,33.6,165.74,175.78,29133.14,0.943,tall,336.1,317.14,9789.31,High
ContainerDamage_2715.jpg,DENT,29.06,210.83,201.05,42387.52,1.049,wide,357.46,308.24,12315.79,High
ContainerDamage_2729.jpg,DENT,32.89,107.03,104.31,11164.27,1.026,wide,306.86,308.2,3672.12,Low
ContainerDamage_2729.jpg,DENT,25.25,99.81,77.44,7729.21,1.289,wide,306.84,310.5,1951.29,Low
ContainerDamage_2759.jpg,DENT,54.88,137.61,321.57,44250.5,0.428,tall,114.94,405.69,24283.66,High
ContainerDamage_2759.jpg,DENT,37.62,191.43,546.63,104642.41,0.35,tall,118.8,316.86,39367.24,High
ContainerDamage_2759.jpg,DENT,28.44,149.8,358.5,53702.5,0.418,tall,125.47,311.78,15274.85,High
ContainerDamage_277.jpg,DENT,51.38,284.38,127.76,36333.22,2.226,wide,459.12,559.83,18666.2,High
ContainerDamage_2777.jpg,DENT,50.22,93.04,137.78,12819.03,0.675,tall,433.3,566.52,6438.06,Low
ContainerDamage_2777.jpg,DENT,46.69,93.13,199.52,18581.68,0.467,tall,308.17,330.32,8676.44,Low
ContainerDamage_2818.jpg,DENT,54.54,198.63,524.74,104227.97,0.379,tall,377.36,307.54,56842.5,High
ContainerDamage_2821.jpg,DENT,33.65,115.2,379.43,43710.38,0.304,tall,79.07,304.99,14708.52,High
ContainerDamage_2821.jpg,DENT,31.77,120.08,268.03,32185.03,0.448,tall,81.55,354.97,10224.6,High
ContainerDamage_2821.jpg,DENT,26.6,165.7,467.41,77450.57,0.355,tall,83.05,260.26,20605.41,High
ContainerDamage_2826.jpg,DENT,51.36,118.18,114.66,13549.68,1.031,wide,159.84,540.16,6959.16,Low
ContainerDamage_2826.jpg,DENT,28.42,174.4,127.82,22291.68,1.364,wide,166.35,539.53,6336.23,High
ContainerDamage_2853.jpg,DENT,36.47,305.02,271.91,82936.82,1.122,wide,467.47,465.3,30245.37,High
ContainerDamage_2853.jpg,DENT,26.83,439.89,295.49,129980.43,1.489,wide,402.94,488.51,34873.13,High
ContainerDamage_287.jpg,DENT,45.24,115.14,138.81,15982.77,0.83,tall,248.07,526.53,7230.86,Low
ContainerDamage_2872.jpg,DENT,54.36,204.62,92.95,19020.49,2.201,wide,494.77,301.15,10339.37,Low
ContainerDamage_2885.jpg,DENT,29.68,244.44,403.84,98713.98,0.605,tall,340.34,278.17,29296.17,High
ContainerDamage_2906.jpg,DENT,59.07,110.55,105.93,11710.94,1.044,wide,374.77,581.0,6917.26,Low
ContainerDamage_2914.jpg,DENT,55.77,62.88,122.03,7673.0,0.515,tall,31.44,455.25,4279.43,Low
ContainerDamage_293.jpg,DENT,54.83,315.32,305.56,96351.03,1.032,wide,309.54,274.99,52825.16,High
ContainerDamage_2935.jpg,DENT,27.13,150.66,118.04,17784.0,1.276,wide,312.55,408.48,4825.66,Low
ContainerDamage_2940.jpg,DENT,55.7,122.21,208.81,25518.35,0.585,tall,578.9,199.51,14213.53,High
ContainerDamage_2940.jpg,DENT,35.47,116.06,308.62,35818.93,0.376,tall,332.36,185.96,12704.84,High
ContainerDamage_2953.jpg,DENT,64.26,632.78,495.53,313562.97,1.277,wide,318.67,270.39,201488.09,High
ContainerDamage_2953.jpg,DENT,29.08,430.44,500.54,215452.98,0.86,tall,217.67,271.63,62650.82,High
ContainerDamage_2953.jpg,DENT,25.73,229.53,206.45,47388.17,1.112,wide,516.34,277.12,12195.26,High
ContainerDamage_2956.jpg,DENT,48.54,410.2,416.71,170931.12,0.984,tall,205.1,413.68,82970.19,High
ContainerDamage_2956.jpg,DENT,32.98,623.55,297.63,185590.6,2.095,wide,325.86,350.37,61216.8,High
ContainerDamage_2956.jpg,DENT,28.93,622.01,411.54,255982.3,1.511,wide,311.51,402.02,74063.29,High
ContainerDamage_2956.jpg,DENT,27.98,291.37,434.54,126611.24,0.671,tall,145.69,417.74,35432.06,High
ContainerDamage_2968.jpg,DENT,44.22,154.61,58.77,9086.81,2.631,wide,381.18,193.77,4017.94,Low
ContainerDamage_2968.jpg,DENT,35.02,254.72,90.7,23102.92,2.808,wide,430.86,293.15,8091.49,High
ContainerDamage_2968.jpg,DENT,32.76,172.23,111.28,19165.37,1.548,wide,187.48,456.65,6278.95,Low
ContainerDamage_2971.jpg,DENT,49.84,263.42,63.92,16838.3,4.121,wide,215.06,257.78,8392.0,Low
ContainerDamage_2971.jpg,DENT,31.68,139.42,55.26,7704.01,2.523,wide,278.61,170.44,2440.53,Low
ContainerDamage_2971.jpg,DENT,26.96,140.64,98.34,13831.18,1.43,wide,423.04,466.02,3729.54,Low
ContainerDamage_3025.jpg,DENT,41.32,83.27,130.58,10873.43,0.638,tall,341.03,275.16,4492.72,Low
ContainerDamage_304.jpg,DENT,46.59,167.57,203.9,34168.94,0.822,tall,146.92,239.13,15919.82,High
ContainerDamage_306.jpg,DENT,30.95,173.06,180.26,31195.14,0.96,tall,460.57,220.18,9653.85,High
ContainerDamage_3092.jpg,DENT,36.42,127.47,82.51,10516.64,1.545,wide,257.9,297.59,3829.98,Low
ContainerDamage_320.jpg,DENT,52.11,308.07,121.06,37295.04,2.545,wide,358.73,137.74,19434.77,High
ContainerDamage_320.jpg,DENT,30.97,346.48,155.8,53981.35,2.224,wide,373.7,142.25,16717.23,High
ContainerDamage_3259.jpg,DENT,47.14,635.39,538.59,342216.61,1.18,wide,322.07,270.74,161337.51,High
ContainerDamage_3259.jpg,DENT,35.86,365.73,290.34,106185.63,1.26,wide,457.13,207.59,38073.65,High
ContainerDamage_3259.jpg,DENT,30.11,540.66,413.87,223764.91,1.306,wide,369.67,213.59,67366.9,High
ContainerDamage_3259.jpg,DENT,27.45,74.6,129.05,9627.36,0.578,tall,602.7,232.71,2642.94,Low
ContainerDamage_3267.jpg,DENT,43.42,315.26,433.42,136639.25,0.727,tall,337.82,288.0,59325.39,High
ContainerDamage_3272.jpg,DENT,46.21,208.36,187.85,39141.12,1.109,wide,394.97,190.72,18086.17,High
ContainerDamage_3272.jpg,DENT,37.45,421.65,454.9,191808.37,0.927,tall,326.62,305.93,71831.12,High
ContainerDamage_3272.jpg,DENT,27.24,244.64,167.25,40915.77,1.463,wide,146.57,461.14,11146.07,High
ContainerDamage_3276.jpg,DAMAGE - DEFRAME,77.26,352.14,192.53,67797.81,1.829,wide,251.08,128.24,52381.88,High
ContainerDamage_3276.jpg,DAMAGE - DEFRAME,39.17,352.1,289.14,101804.29,1.218,wide,250.34,154.22,39877.33,High
ContainerDamage_3276.jpg,DAMAGE - RUST,31.57,153.12,110.05,16850.96,1.391,wide,330.01,426.54,5320.33,Low
ContainerDamage_3276.jpg,DAMAGE - DEFRAME,25.44,113.74,112.99,12851.45,1.007,wide,141.32,138.7,3268.82,Low
ContainerDamage_3283.jpg,DENT,31.6,375.74,424.01,159316.55,0.886,tall,307.49,280.17,50341.34,High
ContainerDamage_3283.jpg,DENT,27.94,355.35,174.93,62162.1,2.031,wide,318.3,212.34,17368.02,High
ContainerDamage_3283.jpg,DENT,27.16,356.41,139.2,49612.45,2.56,wide,345.52,213.74,13475.2,High
ContainerDamage_3287.jpg,DENT,83.51,226.58,365.67,82851.44,0.62,tall,144.04,260.68,69190.04,High
ContainerDamage_3311.jpg,DENT,66.5,556.77,548.95,305635.37,1.014,wide,278.38,275.32,203233.26,High
ContainerDamage_3311.jpg,DENT,48.45,130.59,137.42,17946.3,0.95,tall,493.89,131.2,8694.8,Low
ContainerDamage_3311.jpg,DENT,45.82,341.89,256.15,87574.94,1.335,wide,201.24,128.67,40129.45,High
ContainerDamage_3311.jpg,DENT,34.38,283.91,238.73,67779.24,1.189,wide,340.62,387.43,23305.66,High
ContainerDamage_3311.jpg,DENT,27.18,143.77,181.79,26136.66,0.791,tall,495.06,115.91,7103.7,High
ContainerDamage_3313.jpg,DENT,72.23,545.8,564.79,308262.41,0.966,tall,299.25,347.06,222654.1,High
ContainerDamage_3313.jpg,DENT,32.01,254.08,171.06,43464.28,1.485,wide,166.3,451.96,13912.9,High
ContainerDamage_3314.jpg,DENT,55.26,127.66,151.11,19290.5,0.845,tall,185.45,152.66,10659.49,Low
ContainerDamage_3314.jpg,DENT,52.82,530.04,555.07,294210.05,0.955,tall,371.43,277.89,155404.86,High
ContainerDamage_3314.jpg,DENT,41.23,307.15,250.28,76872.51,1.227,wide,485.98,127.7,31697.3,High
ContainerDamage_3315.jpg,DENT,57.88,185.52,242.01,44897.52,0.767,tall,182.13,517.33,25986.3,High
ContainerDamage_3315.jpg,DENT,54.51,248.65,353.17,87816.91,0.704,tall,441.93,333.28,47872.51,High
ContainerDamage_3315.jpg,DENT,41.0,224.73,245.46,55163.06,0.916,tall,441.13,296.52,22614.43,High
ContainerDamage_3319.jpg,DENT,56.89,304.74,264.42,80579.56,1.152,wide,485.98,507.71,45845.73,High
ContainerDamage_3319.jpg,DENT,49.38,610.71,604.26,369030.99,1.011,wide,334.64,337.87,182221.34,High
ContainerDamage_3319.jpg,DENT,48.34,335.17,220.74,73986.1,1.518,wide,343.76,190.37,35765.03,High
ContainerDamage_3319.jpg,DENT,46.35,159.61,200.77,32045.41,0.795,tall,138.1,490.13,14851.96,High
ContainerDamage_3319.jpg,DENT,25.31,236.28,162.47,38388.43,1.454,wide,521.86,467.06,9716.9,High
ContainerDamage_3332.jpg,DENT,59.52,152.1,208.89,31771.55,0.728,tall,215.01,399.52,18909.92,High
ContainerDamage_3332.jpg,DENT,52.81,89.86,139.75,12558.83,0.643,tall,45.02,385.93,6631.72,Low
ContainerDamage_3332.jpg,DENT,50.34,157.85,134.18,21179.37,1.176,wide,381.56,274.98,10660.98,High
ContainerDamage_3332.jpg,DENT,36.62,379.38,337.33,127977.74,1.125,wide,313.65,350.7,46859.85,High
ContainerDamage_3332.jpg,DENT,27.83,49.24,68.1,3353.19,0.723,tall,492.51,453.64,933.28,Low
ContainerDamage_3340.jpg,DENT,41.75,142.1,164.43,23366.96,0.864,tall,172.53,241.63,9756.02,High
ContainerDamage_3340.jpg,DENT,32.5,490.28,611.06,299587.59,0.802,tall,287.36,323.6,97354.32,High
ContainerDamage_3340.jpg,DENT,26.58,128.77,190.55,24537.38,0.676,tall,369.16,125.02,6522.08,High
ContainerDamage_3340.jpg,DENT,25.38,257.43,255.13,65677.59,1.009,wide,450.93,512.25,16666.35,High
ContainerDamage_3371.jpg,DENT,25.69,279.84,244.76,68492.3,1.143,wide,356.28,409.6,17595.34,High
ContainerDamage_3375.jpg,DENT,48.15,631.37,213.53,134814.31,2.957,wide,324.31,424.51,64914.81,High
ContainerDamage_3375.jpg,DENT,46.38,615.73,184.45,113573.66,3.338,wide,332.13,382.44,52680.87,High
ContainerDamage_3375.jpg,DENT,25.33,632.7,349.28,220988.74,1.811,wide,323.65,413.54,55978.95,High
ContainerDamage_3391.jpg,DENT,26.1,171.75,167.66,28795.76,1.024,wide,211.54,353.04,7516.28,High
ContainerDamage_3393.jpg,DENT,32.97,498.14,282.9,140925.49,1.761,wide,305.75,366.59,46462.6,High
ContainerDamage_3395.jpg,DENT,47.28,160.6,399.19,64107.85,0.402,tall,353.37,384.3,30311.95,High
ContainerDamage_3395.jpg,DENT,41.42,246.27,566.55,139525.64,0.435,tall,349.77,285.72,57791.17,High
ContainerDamage_3399.jpg,DENT,33.16,506.98,587.47,297834.09,0.863,tall,375.57,295.88,98747.41,High
ContainerDamage_3416.jpg,DENT,60.13,457.11,330.24,150956.39,1.384,wide,399.26,165.12,90766.63,High
ContainerDamage_3428.jpg,DENT,31.65,237.22,330.25,78344.06,0.718,tall,376.45,348.86,24793.65,High
ContainerDamage_3458.jpg,DENT,35.35,53.08,115.34,6121.93,0.46,tall,212.83,338.74,2163.94,Low
ContainerDamage_3458.jpg,DENT,26.52,136.9,142.57,19518.14,0.96,tall,284.95,217.2,5175.54,Low
ContainerDamage_3460.jpg,DENT,40.7,102.06,116.6,11900.42,0.875,tall,435.55,357.59,4843.56,Low
ContainerDamage_3461.jpg,DENT,66.54,72.44,121.15,8775.5,0.598,tall,204.35,313.99,5839.35,Low
ContainerDamage_3461.jpg,DENT,32.58,53.44,110.5,5905.41,0.484,tall,202.26,313.92,1924.13,Low
ContainerDamage_3461.jpg,DENT,26.44,150.0,131.93,19789.2,1.137,wide,276.2,433.26,5232.71,Low
ContainerDamage_3462.jpg,DENT,41.51,159.18,226.48,36051.3,0.703,tall,245.42,143.53,14963.23,High
ContainerDamage_3462.jpg,DENT,37.13,177.61,132.88,23600.36,1.337,wide,376.64,491.96,8761.95,High
ContainerDamage_3483.jpg,DENT,58.44,184.11,177.67,32709.37,1.036,wide,117.44,252.34,19116.44,High
ContainerDamage_3483.jpg,DENT,40.99,121.84,130.81,15937.93,0.931,tall,533.21,144.33,6532.81,Low
ContainerDamage_3483.jpg,DENT,38.49,280.2,219.17,61409.06,1.278,wide,474.37,144.48,23637.03,High
ContainerDamage_3487.jpg,DENT,50.16,81.6,73.54,6000.64,1.11,wide,94.42,383.31,3009.8,Low
ContainerDamage_3487.jpg,DENT,37.51,60.41,55.8,3370.98,1.083,wide,175.85,188.88,1264.6,Low
ContainerDamage_3487.jpg,DENT,31.98,70.14,80.58,5651.71,0.87,tall,173.39,180.75,1807.21,Low
ContainerDamage_3487.jpg,DENT,30.76,139.86,153.2,21426.21,0.913,tall,519.69,199.66,6591.03,High
ContainerDamage_3487.jpg,DENT,26.11,252.45,135.02,34086.17,1.87,wide,299.28,288.7,8900.51,High
ContainerDamage_3488.jpg,DENT,45.88,137.07,128.13,17562.26,1.07,wide,538.26,249.31,8057.95,Low
ContainerDamage_3488.jpg,DENT,42.25,78.49,63.09,4951.65,1.244,wide,80.51,315.57,2091.94,Low
ContainerDamage_3488.jpg,DENT,38.12,306.69,112.36,34460.97,2.729,wide,312.5,263.89,13135.27,High
ContainerDamage_3488.jpg,DENT,31.42,463.88,146.1,67774.8,3.175,wide,399.12,259.93,21294.01,High
ContainerDamage_3488.jpg,DENT,30.9,53.62,51.12,2741.34,1.049,wide,213.89,152.13,847.18,Low
ContainerDamage_3488.jpg,DENT,25.43,59.97,66.07,3962.67,0.908,tall,213.52,149.61,1007.56,Low
ContainerDamage_3500.jpg,DENT,30.61,229.21,244.97,56148.09,0.936,tall,308.98,416.95,17184.19,High
ContainerDamage_3513.jpg,DENT,41.34,258.55,370.42,95772.4,0.698,tall,129.28,388.64,39595.02,High
ContainerDamage_3513.jpg,DENT,38.51,569.73,426.44,242955.31,1.336,wide,286.46,357.42,93550.16,High
ContainerDamage_3515.jpg,DENT,56.92,535.22,468.06,250513.41,1.144,wide,267.61,392.97,142582.33,High
ContainerDamage_3535.jpg,DENT,34.35,97.8,111.78,10931.48,0.875,tall,326.51,208.1,3755.18,Low
ContainerDamage_3548.jpg,DENT,26.42,165.16,149.94,24764.76,1.101,wide,320.26,347.78,6543.91,High
ContainerDamage_3555.jpg,DENT,47.49,112.79,241.86,27279.73,0.466,tall,63.02,223.42,12954.52,High
ContainerDamage_3555.jpg,DENT,30.22,157.92,192.13,30341.39,0.822,tall,93.53,417.97,9168.2,High
ContainerDamage_3563.jpg,DENT,52.25,454.15,459.18,208540.28,0.989,tall,363.19,232.27,108952.12,High
ContainerDamage_3564.jpg,DENT,27.38,369.81,273.91,101294.54,1.35,wide,352.21,324.6,27729.48,High
ContainerDamage_3576.jpg,DENT,44.25,523.11,486.32,254397.9,1.076,wide,372.44,380.23,112559.45,High
ContainerDamage_359.jpg,DENT,35.11,158.82,224.46,35648.25,0.708,tall,313.29,329.47,12517.36,High
ContainerDamage_359.jpg,DENT,26.57,51.68,181.9,9400.18,0.284,tall,269.78,323.04,2497.6,Low
ContainerDamage_3613.jpg,DENT,69.59,502.87,583.6,293475.43,0.862,tall,254.34,313.02,204238.2,High
ContainerDamage_3613.jpg,DENT,35.55,156.51,148.11,23181.35,1.057,wide,214.39,102.58,8240.93,High
ContainerDamage_3613.jpg,DENT,28.23,174.67,266.91,46619.5,0.654,tall,397.57,286.73,13160.42,High
ContainerDamage_3619.jpg,DENT,38.81,432.46,400.09,173022.87,1.081,wide,276.44,360.85,67146.52,High
ContainerDamage_3621.jpg,DENT,62.35,310.9,382.46,118908.91,0.813,tall,308.58,313.59,74143.06,High
ContainerDamage_3628.jpg,DENT,53.1,409.19,358.38,146645.86,1.142,wide,346.73,381.82,77865.53,High
ContainerDamage_3645.jpg,DENT,46.62,173.63,243.79,42330.13,0.712,tall,350.49,380.87,19734.26,High
ContainerDamage_3645.jpg,DENT,32.07,35.34,114.04,4030.75,0.31,tall,468.82,162.49,1292.48,Low
ContainerDamage_3648.jpg,DENT,44.43,347.1,359.03,124620.03,0.967,tall,378.32,366.96,55363.18,High
ContainerDamage_3650.jpg,DENT,27.14,345.79,417.06,144214.61,0.829,tall,346.87,307.44,39136.47,High
ContainerDamage_3654.jpg,DENT,38.0,158.03,230.94,36495.72,0.684,tall,259.5,471.11,13869.57,High
ContainerDamage_3657.jpg,DENT,40.69,132.48,170.03,22526.65,0.779,tall,360.34,417.4,9165.55,High
ContainerDamage_3666.jpg,DENT,41.54,307.11,464.87,142767.56,0.661,tall,324.41,308.12,59301.93,High
ContainerDamage_3666.jpg,DENT,41.3,123.55,107.15,13237.93,1.153,wide,346.93,449.19,5466.95,Low
ContainerDamage_3672.jpg,DENT,49.54,161.71,226.28,36593.2,0.715,tall,305.13,331.94,18128.56,High
ContainerDamage_3686.jpg,DENT,55.5,127.2,185.13,23548.03,0.687,tall,253.21,198.41,13069.24,High
ContainerDamage_3686.jpg,DENT,48.88,100.44,230.42,23142.82,0.436,tall,419.61,188.3,11313.08,High
ContainerDamage_3686.jpg,DENT,42.27,79.92,118.61,9479.51,0.674,tall,359.94,435.38,4007.44,Low
ContainerDamage_3686.jpg,DENT,36.73,343.2,556.95,191144.7,0.616,tall,339.84,356.29,70216.15,High
ContainerDamage_3700.jpg,DENT,53.43,102.0,110.16,11236.19,0.926,tall,219.5,307.57,6003.13,Low
ContainerDamage_3700.jpg,DENT,27.99,114.86,74.66,8574.98,1.539,wide,118.98,453.32,2400.43,Low
ContainerDamage_3700.jpg,DENT,27.39,132.51,118.97,15765.52,1.114,wide,474.79,397.8,4317.96,Low
ContainerDamage_3705.jpg,DENT,52.32,87.8,126.05,11067.74,0.697,tall,173.87,339.41,5791.12,Low
ContainerDamage_3705.jpg,DENT,42.67,136.78,205.04,28045.67,0.667,tall,571.03,442.0,11967.41,High
ContainerDamage_3705.jpg,DENT,27.24,241.98,189.75,45917.28,1.275,wide,355.41,375.33,12506.15,High
ContainerDamage_3713.jpg,DENT,50.31,147.16,175.45,25818.79,0.839,tall,551.56,430.71,12989.16,High
ContainerDamage_3713.jpg,DENT,29.5,92.43,84.02,7765.76,1.1,wide,500.87,147.43,2291.22,Low
ContainerDamage_3715.jpg,DENT,42.63,66.33,86.45,5734.59,0.767,tall,449.95,436.19,2444.65,Low
ContainerDamage_3715.jpg,DENT,27.79,161.78,193.64,31326.53,0.835,tall,94.48,405.43,8704.59,High
ContainerDamage_380.jpg,DENT,41.9,529.8,564.56,299101.84,0.938,tall,271.05,324.19,125333.49,High
ContainerDamage_389.jpg,DENT,48.66,257.45,293.28,75505.42,0.878,tall,130.6,460.52,36738.51,High
ContainerDamage_404.jpg,DENT,25.04,224.77,161.05,36200.0,1.396,wide,276.69,383.03,9064.06,High
ContainerDamage_426.jpg,DENT,39.02,168.17,622.04,104609.37,0.27,tall,407.0,311.83,40816.65,High
ContainerDamage_428.jpg,DENT,26.69,66.93,191.15,12793.65,0.35,tall,225.93,541.87,3415.1,Low
ContainerDamage_44.jpg,DENT,33.64,255.01,330.89,84378.74,0.771,tall,213.41,264.29,28383.56,High
ContainerDamage_463.jpg,DENT,39.63,206.62,267.5,55269.78,0.772,tall,292.55,333.23,21903.08,High
ContainerDamage_479.jpg,DENT,45.77,330.95,174.91,57885.44,1.892,wide,379.78,291.01,26493.42,High
ContainerDamage_479.jpg,DENT,37.82,220.41,101.98,22476.66,2.161,wide,427.5,161.33,8499.64,High
ContainerDamage_479.jpg,DENT,28.61,158.47,83.16,13178.4,1.906,wide,80.29,297.08,3770.57,Low
ContainerDamage_479.jpg,DENT,28.5,342.36,112.54,38528.96,3.042,wide,382.31,291.63,10979.37,High
ContainerDamage_479.jpg,DENT,27.14,332.05,265.52,88166.98,1.251,wide,376.71,271.01,23924.76,High
ContainerDamage_479.jpg,DENT,25.99,78.27,75.31,5894.06,1.039,wide,568.01,483.03,1531.72,Low
ContainerDamage_49.jpg,DENT,46.29,301.02,62.42,18789.66,4.822,wide,272.29,550.54,8697.4,Low
ContainerDamage_51.jpg,DENT,39.66,303.98,89.03,27061.5,3.414,wide,293.47,555.58,10733.31,High
ContainerDamage_531.jpg,DENT,31.17,154.68,126.98,19640.91,1.218,wide,179.96,64.48,6122.88,Low
ContainerDamage_539.jpg,DENT,54.01,84.01,88.79,7459.15,0.946,tall,411.43,249.65,4028.61,Low
ContainerDamage_539.jpg,DENT,42.75,174.73,79.43,13878.32,2.2,wide,205.29,399.85,5932.34,Low
ContainerDamage_632.jpg,DENT,25.01,396.11,383.04,151727.42,1.034,wide,231.52,210.75,37941.73,High
ContainerDamage_653.jpg,DENT,25.24,346.62,275.45,95477.23,1.258,wide,230.46,479.31,24093.84,High
ContainerDamage_686.jpg,DENT,68.54,112.93,146.65,16561.68,0.77,tall,236.41,511.54,11351.63,Low
ContainerDamage_690.jpg,DENT,54.02,195.45,299.28,58494.25,0.653,tall,304.3,241.92,31599.32,High
ContainerDamage_702.jpg,DENT,52.43,108.19,51.09,5528.01,2.117,wide,549.42,572.65,2898.2,Low
ContainerDamage_706.jpg,DENT,33.46,88.33,118.43,10461.48,0.746,tall,66.57,264.31,3500.87,Low
ContainerDamage_706.jpg,DENT,31.74,107.82,231.56,24966.83,0.466,tall,418.71,429.71,7924.11,High
ContainerDamage_706.jpg,DENT,31.66,109.08,139.86,15256.1,0.78,tall,66.08,264.48,4830.06,Low
ContainerDamage_712.jpg,DENT,38.97,371.71,114.81,42675.14,3.238,wide,185.85,468.03,16632.1,High
ContainerDamage_712.jpg,DENT,28.86,259.67,99.77,25905.98,2.603,wide,255.82,449.03,7476.62,High
ContainerDamage_730.jpg,DENT,29.94,344.22,321.73,110746.96,1.07,wide,451.87,224.62,33160.45,High
ContainerDamage_732.jpg,DENT,41.49,233.38,383.14,89418.93,0.609,tall,378.47,446.21,37102.68,High
ContainerDamage_769.jpg,DENT,65.21,111.58,39.28,4383.02,2.841,wide,261.33,193.95,2857.96,Low
ContainerDamage_769.jpg,DENT,50.9,312.7,82.36,25753.1,3.797,wide,465.57,417.04,13108.54,High
ContainerDamage_769.jpg,DENT,40.55,166.27,56.43,9381.88,2.947,wide,514.7,421.98,3804.17,Low
ContainerDamage_769.jpg,DENT,37.63,229.27,52.71,12084.06,4.35,wide,205.79,260.61,4547.44,Low
ContainerDamage_769.jpg,DENT,26.25,228.28,63.05,14392.34,3.621,wide,482.2,418.07,3777.68,Low
ContainerDamage_769.jpg,DENT,25.16,93.56,66.11,6185.48,1.415,wide,363.69,421.35,1556.05,Low
ContainerDamage_800.jpg,DENT,38.67,163.7,256.7,42020.39,0.638,tall,420.84,510.63,16249.96,High
ContainerDamage_834.jpg,DENT,44.24,250.72,276.92,69428.47,0.905,tall,512.0,159.35,30712.07,High
ContainerDamage_84.jpg,DENT,28.9,277.05,138.78,38449.14,1.996,wide,150.85,415.83,11112.43,High
ContainerDamage_852.jpg,DENT,33.24,355.6,404.59,143871.72,0.879,tall,273.54,203.53,47817.3,High
ContainerDamage_868.jpg,DENT,52.69,383.67,473.2,181555.03,0.811,tall,447.95,270.28,95664.57,High
ContainerDamage_874.jpg,DENT,65.76,108.15,117.09,12663.22,0.924,tall,230.34,61.24,8327.8,Low
ContainerDamage_874.jpg,DENT,65.01,239.09,348.54,83333.48,0.686,tall,230.88,463.59,54177.44,High
ContainerDamage_874.jpg,DENT,30.91,156.41,201.18,31466.0,0.777,tall,244.38,406.19,9724.88,High
ContainerDamage_886.jpg,DAMAGE - RUST,69.13,31.91,68.27,2178.61,0.467,tall,327.88,486.05,1506.03,Low
ContainerDamage_886.jpg,DAMAGE - RUST,48.61,49.87,65.6,3271.16,0.76,tall,324.74,483.74,1589.98,Low
ContainerDamage_886.jpg,DAMAGE - RUST,39.13,106.24,447.44,47538.69,0.237,tall,409.33,325.94,18603.38,High
ContainerDamage_886.jpg,DAMAGE - RUST,38.76,98.03,309.41,30332.64,0.317,tall,425.63,400.74,11756.54,High
ContainerDamage_886.jpg,DAMAGE - RUST,30.18,281.1,104.71,29434.58,2.685,wide,291.02,315.7,8883.71,High
ContainerDamage_940.jpg,DAMAGE - RUST,30.99,178.68,209.62,37455.67,0.852,tall,399.9,107.13,11607.98,High
ContainerDamage_943.jpg,DAMAGE - RUST,39.46,305.25,287.71,87820.9,1.061,wide,407.18,471.39,34654.26,High
ContainerDamage_95.jpg,DENT,88.31,81.06,70.89,5746.49,1.144,wide,177.05,573.65,5074.69,Low
ContainerDamage_953.jpg,DENT,25.87,177.08,182.71,32353.72,0.969,tall,439.52,92.75,8368.56,High
ContainerDamage_956.jpg,DENT,41.78,200.78,140.61,28231.13,1.428,wide,230.67,523.88,11795.76,High
ContainerDamage_956.jpg,DENT,34.91,190.51,94.64,18030.87,2.013,wide,232.11,504.16,6293.89,Low
ContainerDamage_959.jpg,DENT,51.35,305.66,147.14,44973.44,2.077,wide,487.17,328.46,23093.91,High
ContainerDamage_986.jpg,DENT,30.3,271.4,287.24,77956.72,0.945,tall,188.67,347.04,23618.13,High
DamageCon1.png,DAMAGE - RUST,64.62,40.61,97.5,3959.85,0.417,tall,507.45,263.78,2559.0,Low
DamageCon1.png,DAMAGE - RUST,31.89,51.31,55.33,2839.03,0.927,tall,595.12,440.54,905.33,Low
DamageCon2.png,DAMAGE - DEFRAME,50.96,206.15,528.39,108926.19,0.39,tall,302.81,279.41,55512.23,High
DamageCon3.png,DENT,27.13,264.78,81.56,21594.83,3.246,wide,401.98,324.71,5857.8,High
DamageCon4.png,DAMAGE - RUST,41.93,44.9,68.84,3090.75,0.652,tall,69.68,631.38,1295.9,Low
DamageCon4.png,DAMAGE - RUST,29.04,69.97,410.06,28693.74,0.171,tall,437.72,465.22,8332.21,High
DamageCon4.png,DAMAGE - RUST,28.65,55.94,95.81,5359.67,0.584,tall,68.32,637.79,1535.35,Low
DamageCon4.png,DAMAGE - RUST,26.29,72.51,101.84,7384.19,0.712,tall,986.17,597.44,1940.94,Low
