prediction_time,image,image_id,image_width,image_height,image_size_kb,class,class_id,confidence_percent,x1,y1,x2,y2,bbox_width,bbox_height,bbox_area,bbox_perimeter,bbox_area_normalized,damage_center_x,damage_center_y,aspect_ratio,damage_shape,severity_score,severity_label
2025-11-04 23:05:16,ContainerDamage_1011.jpg,ContainerDamage_1011,640,640,31.97,DENT,1,51.46,92.7,332.57,321.43,631.44,228.72,298.87,68358.66,1055.19,0.1669,207.07,482.0,0.765,tall,35176.95,High
2025-11-04 23:05:16,ContainerDamage_1035.jpg,ContainerDamage_1035,640,640,64.84,DENT,1,47.61,134.81,259.77,279.91,564.02,145.1,304.26,44147.97,898.72,0.1078,207.36,411.9,0.477,tall,21017.23,High
2025-11-04 23:05:16,ContainerDamage_1035.jpg,ContainerDamage_1035,640,640,64.84,DENT,1,30.73,498.48,476.07,587.25,600.46,88.77,124.39,11042.15,426.32,0.027,542.87,538.26,0.714,tall,3393.17,Low
2025-11-04 23:05:16,ContainerDamage_1045.jpg,ContainerDamage_1045,640,640,117.96,DENT,1,75.22,376.93,122.62,572.6,446.01,195.67,323.38,63276.35,1038.11,0.1545,474.76,284.32,0.605,tall,47593.68,High
2025-11-04 23:05:16,ContainerDamage_1045.jpg,ContainerDamage_1045,640,640,117.96,DENT,1,26.9,407.07,123.38,548.47,411.96,141.39,288.59,40804.48,859.96,0.0996,477.77,267.67,0.49,tall,10977.53,High
2025-11-04 23:05:16,ContainerDamage_1061.jpg,ContainerDamage_1061,640,640,130.94,DENT,1,55.03,485.51,240.32,637.28,388.71,151.77,148.39,22520.76,600.31,0.055,561.4,314.51,1.023,wide,12393.74,High
2025-11-04 23:05:16,ContainerDamage_1070.jpg,ContainerDamage_1070,640,640,61.45,DAMAGE - DEFRAME,0,79.85,32.2,1.72,603.36,564.35,571.17,562.63,321357.86,2267.6,0.7846,317.78,283.03,1.015,wide,256590.84,High
2025-11-04 23:05:16,ContainerDamage_1070.jpg,ContainerDamage_1070,640,640,61.45,DAMAGE - DEFRAME,0,73.77,49.89,14.06,462.26,477.63,412.37,463.58,191165.26,1751.89,0.4667,256.08,245.84,0.89,tall,141023.97,High
2025-11-04 23:05:16,ContainerDamage_1070.jpg,ContainerDamage_1070,640,640,61.45,DAMAGE - DEFRAME,0,53.86,124.72,6.03,459.43,338.75,334.71,332.72,111366.49,1334.87,0.2719,292.07,172.39,1.006,wide,59980.48,High
2025-11-04 23:05:16,ContainerDamage_1070.jpg,ContainerDamage_1070,640,640,61.45,DAMAGE - DEFRAME,0,51.95,29.16,190.82,614.39,447.99,585.23,257.17,150500.69,1684.79,0.3674,321.78,319.4,2.276,wide,78180.69,High
2025-11-04 23:05:16,ContainerDamage_1072.jpg,ContainerDamage_1072,640,640,179.48,DAMAGE - DEFRAME,0,27.34,73.83,96.84,618.26,355.65,544.43,258.81,140904.52,1606.49,0.344,346.04,226.25,2.104,wide,38517.38,High
2025-11-04 23:05:16,ContainerDamage_1079.jpg,ContainerDamage_1079,640,640,145.08,DENT,1,28.1,29.85,266.74,266.98,578.78,237.12,312.05,73993.95,1098.34,0.1806,148.41,422.76,0.76,tall,20794.15,High
2025-11-04 23:05:16,ContainerDamage_1084.jpg,ContainerDamage_1084,640,640,40.0,DENT,1,72.72,163.52,382.01,253.27,479.08,89.75,97.07,8711.97,373.64,0.0213,208.4,430.55,0.925,tall,6335.39,Low
2025-11-04 23:05:16,ContainerDamage_1145.jpg,ContainerDamage_1145,640,640,33.48,DENT,1,43.68,61.69,98.72,363.15,173.79,301.46,75.07,22629.07,753.04,0.0552,212.42,136.25,4.016,wide,9884.26,High
2025-11-04 23:05:16,ContainerDamage_1147.jpg,ContainerDamage_1147,640,640,78.57,DENT,1,43.43,453.8,403.28,558.31,571.99,104.51,168.71,17630.81,546.42,0.043,506.06,487.64,0.619,tall,7657.55,Low
2025-11-04 23:05:16,ContainerDamage_1148.jpg,ContainerDamage_1148,640,640,146.29,DENT,1,33.61,51.82,179.0,513.85,398.26,462.03,219.26,101303.78,1362.58,0.2473,282.83,288.63,2.107,wide,34046.54,High
2025-11-04 23:05:16,ContainerDamage_1148.jpg,ContainerDamage_1148,640,640,146.29,DENT,1,27.73,35.73,234.77,476.09,398.32,440.37,163.55,72021.71,1207.83,0.1758,255.91,316.55,2.693,wide,19971.58,High
2025-11-04 23:05:16,ContainerDamage_1148.jpg,ContainerDamage_1148,640,640,146.29,DENT,1,25.28,152.41,168.64,502.68,369.26,350.28,200.62,70273.58,1101.8,0.1716,327.54,268.95,1.746,wide,17766.63,High
2025-11-04 23:05:16,ContainerDamage_1151.jpg,ContainerDamage_1151,640,640,88.94,DENT,1,54.55,464.77,0.0,630.79,132.32,166.03,132.32,21968.15,596.69,0.0536,547.78,66.16,1.255,wide,11984.72,High
2025-11-04 23:05:16,ContainerDamage_1156.jpg,ContainerDamage_1156,640,640,121.18,DENT,1,44.32,300.46,0.0,479.78,129.25,179.32,129.25,23177.12,617.14,0.0566,390.12,64.62,1.387,wide,10272.67,High
2025-11-04 23:05:16,ContainerDamage_1172.jpg,ContainerDamage_1172,640,640,24.0,DENT,1,39.3,189.18,77.04,629.78,457.69,440.59,380.65,167711.96,1642.49,0.4095,409.48,267.37,1.157,wide,65906.09,High
2025-11-04 23:05:16,ContainerDamage_1172.jpg,ContainerDamage_1172,640,640,24.0,DENT,1,29.22,276.73,90.99,640.0,257.9,363.27,166.91,60635.93,1060.38,0.148,458.36,174.44,2.176,wide,17719.26,High
2025-11-04 23:05:16,ContainerDamage_1175.jpg,ContainerDamage_1175,640,640,30.68,DENT,1,25.3,6.95,121.53,485.99,318.52,479.04,196.99,94366.32,1352.06,0.2304,246.47,220.02,2.432,wide,23875.5,High
2025-11-04 23:05:16,ContainerDamage_1177.jpg,ContainerDamage_1177,640,640,166.95,DENT,1,62.99,34.65,44.78,257.64,473.2,222.99,428.42,95534.44,1302.83,0.2332,146.15,258.99,0.52,tall,60176.98,High
2025-11-04 23:05:16,ContainerDamage_1177.jpg,ContainerDamage_1177,640,640,166.95,DENT,1,33.03,69.1,70.84,231.63,435.36,162.53,364.52,59245.0,1054.1,0.1446,150.36,253.1,0.446,tall,19570.35,High
2025-11-04 23:05:16,ContainerDamage_1178.jpg,ContainerDamage_1178,640,640,113.58,DENT,1,42.69,251.7,39.25,574.71,640.0,323.01,600.75,194045.47,1847.51,0.4737,413.21,339.63,0.538,tall,82846.46,High
2025-11-04 23:05:16,ContainerDamage_1221.jpg,ContainerDamage_1221,640,640,12.47,DENT,1,50.65,99.96,223.77,436.54,456.37,336.58,232.61,78289.56,1138.36,0.1911,268.25,340.07,1.447,wide,39652.98,High
2025-11-04 23:05:16,ContainerDamage_1221.jpg,ContainerDamage_1221,640,640,12.47,DENT,1,47.46,151.57,238.41,394.69,446.12,243.12,207.7,50496.17,901.64,0.1233,273.13,342.26,1.17,wide,23965.2,High
2025-11-04 23:05:16,ContainerDamage_1264.jpg,ContainerDamage_1264,640,640,156.43,DAMAGE - RUST,2,92.83,200.33,437.45,254.52,511.71,54.19,74.26,4024.06,256.9,0.0098,227.42,474.58,0.73,tall,3735.6,Low
2025-11-04 23:05:16,ContainerDamage_1264.jpg,ContainerDamage_1264,640,640,156.43,DAMAGE - RUST,2,91.42,380.31,375.42,442.91,424.17,62.6,48.75,3051.58,222.69,0.0075,411.61,399.79,1.284,wide,2789.67,Low
2025-11-04 23:05:16,ContainerDamage_1264.jpg,ContainerDamage_1264,640,640,156.43,DAMAGE - RUST,2,54.61,516.96,212.49,534.61,255.62,17.64,43.13,760.92,121.54,0.0019,525.79,234.05,0.409,tall,415.56,Low
2025-11-04 23:05:16,ContainerDamage_1264.jpg,ContainerDamage_1264,640,640,156.43,DAMAGE - RUST,2,51.74,512.48,210.31,537.34,260.08,24.86,49.78,1237.63,149.28,0.003,524.91,235.2,0.5,tall,640.33,Low
2025-11-04 23:05:16,ContainerDamage_1264.jpg,ContainerDamage_1264,640,640,156.43,DAMAGE - RUST,2,48.74,208.04,451.14,252.98,509.64,44.93,58.5,2628.56,206.86,0.0064,230.51,480.39,0.768,tall,1281.2,Low
2025-11-04 23:05:16,ContainerDamage_1264.jpg,ContainerDamage_1264,640,640,156.43,DAMAGE - RUST,2,46.62,389.06,186.8,431.75,219.12,42.69,32.32,1379.84,150.02,0.0034,410.41,202.96,1.321,wide,643.24,Low
2025-11-04 23:05:16,ContainerDamage_1264.jpg,ContainerDamage_1264,640,640,156.43,DAMAGE - RUST,2,44.97,164.13,364.01,183.3,407.82,19.17,43.81,840.04,125.97,0.0021,173.72,385.92,0.438,tall,377.75,Low
2025-11-04 23:05:16,ContainerDamage_1264.jpg,ContainerDamage_1264,640,640,156.43,DAMAGE - RUST,2,41.96,160.11,361.48,185.34,411.72,25.23,50.24,1267.36,150.93,0.0031,172.73,386.6,0.502,tall,531.75,Low
2025-11-04 23:05:16,ContainerDamage_1264.jpg,ContainerDamage_1264,640,640,156.43,DAMAGE - RUST,2,37.42,373.52,367.74,446.46,436.42,72.94,68.68,5009.38,283.24,0.0122,409.99,402.08,1.062,wide,1874.43,Low
2025-11-04 23:05:16,ContainerDamage_1264.jpg,ContainerDamage_1264,640,640,156.43,DAMAGE - RUST,2,33.26,381.99,180.04,432.22,225.3,50.23,45.27,2273.82,191.0,0.0056,407.1,202.67,1.11,wide,756.3,Low
2025-11-04 23:05:16,ContainerDamage_1264.jpg,ContainerDamage_1264,640,640,156.43,DAMAGE - RUST,2,32.68,344.98,241.05,430.15,313.98,85.17,72.93,6211.05,316.19,0.0152,387.56,277.51,1.168,wide,2030.04,Low
2025-11-04 23:05:16,ContainerDamage_1264.jpg,ContainerDamage_1264,640,640,156.43,DAMAGE - RUST,2,31.79,188.22,430.12,259.34,511.33,71.12,81.21,5775.62,304.66,0.0141,223.78,470.72,0.876,tall,1836.33,Low
2025-11-04 23:05:16,ContainerDamage_1264.jpg,ContainerDamage_1264,640,640,156.43,DAMAGE - RUST,2,30.58,349.8,246.57,417.45,293.21,67.65,46.64,3155.03,228.58,0.0077,383.62,269.89,1.451,wide,964.66,Low
2025-11-04 23:05:16,ContainerDamage_1294.jpg,ContainerDamage_1294,640,640,93.03,DENT,1,36.4,33.04,26.25,535.84,573.84,502.8,547.6,275333.16,2100.8,0.6722,284.44,300.05,0.918,tall,100228.1,High
2025-11-04 23:05:16,ContainerDamage_1311.jpg,ContainerDamage_1311,640,640,148.33,DAMAGE - DEFRAME,0,53.72,308.03,80.1,442.76,437.86,134.73,357.76,48199.43,984.97,0.1177,375.4,258.98,0.377,tall,25893.69,High
2025-11-04 23:05:16,ContainerDamage_1311.jpg,ContainerDamage_1311,640,640,148.33,DAMAGE - DEFRAME,0,45.19,328.67,100.41,430.76,423.6,102.09,323.18,32994.22,850.55,0.0806,379.71,262.01,0.316,tall,14909.91,High
2025-11-04 23:05:16,ContainerDamage_1311.jpg,ContainerDamage_1311,640,640,148.33,DAMAGE - DEFRAME,0,28.13,338.4,49.77,419.32,435.55,80.92,385.77,31217.24,933.39,0.0762,378.86,242.66,0.21,tall,8780.5,High
2025-11-04 23:05:16,ContainerDamage_1325.jpg,ContainerDamage_1325,640,640,179.6,DENT,1,32.09,25.63,516.11,279.85,636.41,254.22,120.3,30583.78,749.05,0.0747,152.74,576.26,2.113,wide,9814.72,High
2025-11-04 23:05:16,ContainerDamage_1329.jpg,ContainerDamage_1329,640,640,44.05,DENT,1,25.12,0.22,278.26,126.9,616.18,126.69,337.92,42809.38,929.21,0.1045,63.56,447.22,0.375,tall,10755.55,High
2025-11-04 23:05:16,ContainerDamage_1337.jpg,ContainerDamage_1337,640,640,53.6,DENT,1,43.71,397.7,0.83,479.2,262.98,81.5,262.15,21365.1,687.29,0.0522,438.45,131.91,0.311,tall,9338.87,High
2025-11-04 23:05:16,ContainerDamage_1337.jpg,ContainerDamage_1337,640,640,53.6,DENT,1,38.22,502.86,69.88,608.16,283.24,105.31,213.36,22468.13,637.33,0.0549,555.51,176.56,0.494,tall,8588.3,High
2025-11-04 23:05:16,ContainerDamage_1337.jpg,ContainerDamage_1337,640,640,53.6,DENT,1,31.24,500.76,4.59,620.95,283.27,120.19,278.68,33494.07,797.74,0.0818,560.86,143.93,0.431,tall,10464.14,High
2025-11-04 23:05:16,ContainerDamage_1345.jpg,ContainerDamage_1345,640,640,34.26,DENT,1,42.43,307.95,370.35,527.01,624.22,219.06,253.87,55614.0,945.87,0.1358,417.48,497.28,0.863,tall,23599.04,High
2025-11-04 23:05:16,ContainerDamage_1349.jpg,ContainerDamage_1349,640,640,118.22,DENT,1,31.13,411.8,0.47,637.7,225.52,225.9,225.04,50837.01,901.88,0.1241,524.75,113.0,1.004,wide,15823.12,High
2025-11-04 23:05:16,ContainerDamage_1349.jpg,ContainerDamage_1349,640,640,118.22,DENT,1,25.68,453.24,2.15,618.2,216.34,164.96,214.2,35333.67,758.31,0.0863,535.72,109.25,0.77,tall,9073.53,High
2025-11-04 23:05:16,ContainerDamage_1352.jpg,ContainerDamage_1352,640,640,127.98,DENT,1,33.06,37.96,103.3,331.34,345.93,293.38,242.62,71181.66,1072.01,0.1738,184.65,224.62,1.209,wide,23529.34,High
2025-11-04 23:05:16,ContainerDamage_1360.jpg,ContainerDamage_1360,640,640,155.84,DENT,1,26.85,22.23,37.38,440.72,359.27,418.5,321.89,134711.24,1480.78,0.3289,231.48,198.32,1.3,wide,36165.25,High
2025-11-04 23:05:16,ContainerDamage_137.jpg,ContainerDamage_137,640,640,70.37,DAMAGE - DEFRAME,0,75.85,387.72,215.51,436.59,577.5,48.87,361.99,17689.47,821.71,0.0432,412.15,396.5,0.135,tall,13418.18,Low
2025-11-04 23:05:16,ContainerDamage_137.jpg,ContainerDamage_137,640,640,70.37,DAMAGE - DEFRAME,0,36.39,380.47,217.09,448.25,552.81,67.78,335.72,22753.95,807.0,0.0556,414.36,384.95,0.202,tall,8281.25,High
2025-11-04 23:05:16,ContainerDamage_1380.jpg,ContainerDamage_1380,640,640,54.34,DENT,1,31.62,445.14,513.8,600.88,640.0,155.74,126.2,19653.75,563.87,0.048,523.01,576.9,1.234,wide,6214.59,Low
2025-11-04 23:05:16,ContainerDamage_1380.jpg,ContainerDamage_1380,640,640,54.34,DENT,1,27.79,342.67,304.78,488.12,535.64,145.45,230.86,33579.87,752.63,0.082,415.39,420.21,0.63,tall,9332.67,High
2025-11-04 23:05:16,ContainerDamage_1380.jpg,ContainerDamage_1380,640,640,54.34,DENT,1,25.03,195.0,530.71,310.12,630.62,115.12,99.92,11501.89,430.06,0.0281,252.56,580.67,1.152,wide,2879.09,Low
2025-11-04 23:05:16,ContainerDamage_1391.jpg,ContainerDamage_1391,640,640,24.38,DENT,1,59.35,257.51,161.5,640.0,307.5,382.49,146.01,55847.11,1057.0,0.1363,448.75,234.5,2.62,wide,33145.29,High
2025-11-04 23:05:16,ContainerDamage_1409.jpg,ContainerDamage_1409,640,640,82.42,DENT,1,47.86,177.92,75.88,302.62,190.92,124.7,115.03,14344.36,479.46,0.035,240.27,133.4,1.084,wide,6865.5,Low
2025-11-04 23:05:16,ContainerDamage_1409.jpg,ContainerDamage_1409,640,640,82.42,DENT,1,36.67,168.18,53.13,313.84,202.33,145.66,149.2,21732.97,589.73,0.0531,241.01,127.73,0.976,tall,7970.17,High
2025-11-04 23:05:16,ContainerDamage_1444.jpg,ContainerDamage_1444,640,640,21.12,DENT,1,50.97,418.15,277.22,640.0,399.24,221.85,122.02,27069.38,687.73,0.0661,529.08,338.23,1.818,wide,13797.74,High
2025-11-04 23:05:16,ContainerDamage_1445.jpg,ContainerDamage_1445,640,640,155.73,DENT,1,33.68,268.5,380.61,459.36,616.65,190.86,236.05,45052.09,853.82,0.11,363.93,498.63,0.809,tall,15173.67,High
2025-11-04 23:05:16,ContainerDamage_1459.jpg,ContainerDamage_1459,640,640,105.5,DENT,1,30.41,129.46,18.92,421.42,170.44,291.96,151.52,44236.06,886.95,0.108,275.44,94.68,1.927,wide,13452.03,High
2025-11-04 23:05:16,ContainerDamage_1459.jpg,ContainerDamage_1459,640,640,105.5,DENT,1,28.19,385.73,442.09,524.66,558.96,138.93,116.87,16236.06,511.59,0.0396,455.19,500.53,1.189,wide,4576.18,Low
2025-11-04 23:05:16,ContainerDamage_1466.jpg,ContainerDamage_1466,640,640,20.57,DENT,1,42.08,213.37,60.36,504.25,158.24,290.88,97.88,28470.9,777.52,0.0695,358.81,109.3,2.972,wide,11981.15,High
2025-11-04 23:05:16,ContainerDamage_1468.jpg,ContainerDamage_1468,640,640,169.06,DENT,1,28.2,124.12,320.28,404.3,595.61,280.17,275.33,77141.14,1111.01,0.1883,264.21,457.95,1.018,wide,21752.76,High
2025-11-04 23:05:16,ContainerDamage_151.jpg,ContainerDamage_151,640,640,170.25,DAMAGE - DEFRAME,0,35.31,260.59,261.54,526.26,582.7,265.67,321.15,85320.93,1173.65,0.2083,393.43,422.12,0.827,tall,30127.98,High
2025-11-04 23:05:16,ContainerDamage_1519.jpg,ContainerDamage_1519,640,640,45.92,DAMAGE - DEFRAME,0,41.31,453.88,1.42,639.47,483.32,185.59,481.91,89438.6,1335.0,0.2184,546.68,242.37,0.385,tall,36950.79,High
2025-11-04 23:05:16,ContainerDamage_1519.jpg,ContainerDamage_1519,640,640,45.92,DAMAGE - DEFRAME,0,30.98,387.93,1.3,640.0,536.93,252.07,535.64,135019.29,1575.42,0.3296,513.96,269.11,0.471,tall,41825.63,High
2025-11-04 23:05:16,ContainerDamage_1523.jpg,ContainerDamage_1523,640,640,32.26,DAMAGE - DEFRAME,0,96.51,0.0,232.57,479.45,634.4,479.45,401.83,192654.98,1762.55,0.4703,239.72,433.49,1.193,wide,185930.43,High
2025-11-04 23:05:16,ContainerDamage_1523.jpg,ContainerDamage_1523,640,640,32.26,DAMAGE - DEFRAME,0,39.83,0.0,246.88,332.36,600.61,332.36,353.73,117568.47,1372.2,0.287,166.18,423.75,0.94,tall,46824.24,High
2025-11-04 23:05:16,ContainerDamage_1523.jpg,ContainerDamage_1523,640,640,32.26,DAMAGE - DEFRAME,0,36.35,0.69,258.67,238.29,632.87,237.6,374.21,88911.77,1223.61,0.2171,119.49,445.77,0.635,tall,32320.89,High
2025-11-04 23:05:16,ContainerDamage_1537.jpg,ContainerDamage_1537,640,640,42.37,DAMAGE - HOLE,3,87.92,190.69,333.14,289.69,450.44,99.0,117.3,11612.42,432.59,0.0284,240.19,391.79,0.844,tall,10209.22,Low
2025-11-04 23:05:16,ContainerDamage_1540.jpg,ContainerDamage_1540,640,640,43.9,DAMAGE - HOLE,3,88.26,372.84,370.83,460.47,432.96,87.63,62.14,5444.72,299.52,0.0133,416.65,401.9,1.41,wide,4805.6,Low
2025-11-04 23:05:16,ContainerDamage_1540.jpg,ContainerDamage_1540,640,640,43.9,DAMAGE - HOLE,3,55.48,513.79,369.58,582.77,434.09,68.98,64.51,4449.68,266.97,0.0109,548.28,401.84,1.069,wide,2468.74,Low
2025-11-04 23:05:16,ContainerDamage_1540.jpg,ContainerDamage_1540,640,640,43.9,DAMAGE - HOLE,3,41.63,362.69,359.93,464.5,439.66,101.81,79.73,8117.59,363.09,0.0198,413.59,399.8,1.277,wide,3379.36,Low
2025-11-04 23:05:16,ContainerDamage_1540.jpg,ContainerDamage_1540,640,640,43.9,DAMAGE - HOLE,3,40.79,499.52,361.11,597.86,455.44,98.33,94.33,9275.65,385.32,0.0226,548.69,408.28,1.042,wide,3783.08,Low
2025-11-04 23:05:16,ContainerDamage_1540.jpg,ContainerDamage_1540,640,640,43.9,DAMAGE - HOLE,3,36.06,510.05,360.37,591.94,440.13,81.89,79.76,6531.91,323.31,0.0159,550.99,400.25,1.027,wide,2355.18,Low
2025-11-04 23:05:16,ContainerDamage_1549.jpg,ContainerDamage_1549,640,640,47.72,DAMAGE - HOLE,3,83.39,249.47,426.16,330.2,498.94,80.73,72.78,5875.44,307.02,0.0143,289.84,462.55,1.109,wide,4899.67,Low
2025-11-04 23:05:16,ContainerDamage_1549.jpg,ContainerDamage_1549,640,640,47.72,DAMAGE - HOLE,3,66.32,345.0,344.39,422.75,428.93,77.75,84.54,6573.2,324.58,0.016,383.88,386.66,0.92,tall,4359.36,Low
2025-11-04 23:05:16,ContainerDamage_1549.jpg,ContainerDamage_1549,640,640,47.72,DAMAGE - HOLE,3,64.89,359.45,351.39,419.96,415.45,60.51,64.06,3876.17,249.14,0.0095,389.71,383.42,0.944,tall,2515.25,Low
2025-11-04 23:05:16,ContainerDamage_1561.jpg,ContainerDamage_1561,640,640,83.59,DAMAGE - HOLE,3,59.9,133.33,0.1,252.49,107.2,119.16,107.09,12760.9,452.5,0.0312,192.91,53.65,1.113,wide,7643.24,Low
2025-11-04 23:05:16,ContainerDamage_1561.jpg,ContainerDamage_1561,640,640,83.59,DAMAGE - HOLE,3,44.02,284.0,14.62,346.05,67.94,62.05,53.32,3308.12,230.73,0.0081,315.03,41.28,1.164,wide,1456.18,Low
2025-11-04 23:05:16,ContainerDamage_1561.jpg,ContainerDamage_1561,640,640,83.59,DAMAGE - HOLE,3,37.0,150.49,7.83,246.59,100.11,96.1,92.27,8867.4,376.75,0.0216,198.54,53.97,1.041,wide,3281.11,Low
2025-11-04 23:05:16,ContainerDamage_1561.jpg,ContainerDamage_1561,640,640,83.59,DAMAGE - HOLE,3,32.7,277.11,5.05,354.04,77.6,76.93,72.55,5580.92,298.95,0.0136,315.58,41.32,1.06,wide,1825.11,Low
2025-11-04 23:05:16,ContainerDamage_1561.jpg,ContainerDamage_1561,640,640,83.59,DAMAGE - HOLE,3,31.05,0.0,164.43,119.46,314.57,119.46,150.15,17936.52,539.21,0.0438,59.73,239.5,0.796,tall,5568.97,Low
2025-11-04 23:05:16,ContainerDamage_1603.jpg,ContainerDamage_1603,640,640,106.12,DAMAGE - DEFRAME,0,38.12,450.27,400.25,585.73,620.48,135.46,220.23,29832.94,711.38,0.0728,518.0,510.37,0.615,tall,11371.28,High
2025-11-04 23:05:16,ContainerDamage_1603.jpg,ContainerDamage_1603,640,640,106.12,DAMAGE - HOLE,3,27.78,464.44,477.44,557.8,615.14,93.36,137.69,12855.29,462.11,0.0314,511.12,546.29,0.678,tall,3570.81,Low
2025-11-04 23:05:16,ContainerDamage_1603.jpg,ContainerDamage_1603,640,640,106.12,DAMAGE - HOLE,3,25.85,474.46,407.39,581.75,604.71,107.29,197.32,21170.22,609.21,0.0517,528.1,506.05,0.544,tall,5472.31,High
2025-11-04 23:05:16,ContainerDamage_1604.jpg,ContainerDamage_1604,640,640,32.64,DAMAGE - DEFRAME,0,88.4,228.86,323.24,490.25,632.39,261.39,309.16,80810.28,1141.09,0.1973,359.56,477.82,0.845,tall,71438.99,High
2025-11-04 23:05:16,ContainerDamage_1604.jpg,ContainerDamage_1604,640,640,32.64,DAMAGE - DEFRAME,0,74.31,119.38,297.39,497.71,640.0,378.34,342.61,129622.77,1441.9,0.3165,308.55,468.69,1.104,wide,96319.01,High
2025-11-04 23:05:16,ContainerDamage_1604.jpg,ContainerDamage_1604,640,640,32.64,DAMAGE - DEFRAME,0,36.11,84.94,283.4,322.39,640.0,237.45,356.6,84676.22,1188.11,0.2067,203.66,461.7,0.666,tall,30577.05,High
2025-11-04 23:05:16,ContainerDamage_1604.jpg,ContainerDamage_1604,640,640,32.64,DAMAGE - DEFRAME,0,35.16,255.19,316.31,486.92,440.05,231.72,123.75,28674.86,710.94,0.07,371.06,378.18,1.873,wide,10081.82,High
2025-11-04 23:05:16,ContainerDamage_1615.jpg,ContainerDamage_1615,640,640,35.55,DENT,1,31.76,227.37,203.9,358.49,293.4,131.12,89.5,11735.89,441.25,0.0287,292.93,248.65,1.465,wide,3727.49,Low
2025-11-04 23:05:16,ContainerDamage_1620.jpg,ContainerDamage_1620,640,640,148.85,DENT,1,28.31,406.66,79.38,631.03,181.24,224.37,101.85,22852.15,652.44,0.0558,518.84,130.31,2.203,wide,6469.28,High
2025-11-04 23:05:16,ContainerDamage_1629.jpg,ContainerDamage_1629,640,640,155.75,DENT,1,48.63,250.51,157.28,519.3,522.05,268.79,364.77,98048.48,1267.13,0.2394,384.9,339.66,0.737,tall,47680.68,High
2025-11-04 23:05:16,ContainerDamage_1629.jpg,ContainerDamage_1629,640,640,155.75,DENT,1,31.31,321.83,168.54,506.18,462.23,184.36,293.7,54145.0,956.11,0.1322,414.0,315.39,0.628,tall,16952.12,High
2025-11-04 23:05:16,ContainerDamage_1644.jpg,ContainerDamage_1644,640,640,33.69,DENT,1,65.19,169.53,401.97,352.94,488.93,183.41,86.96,15949.03,540.73,0.0389,261.23,445.45,2.109,wide,10397.09,Low
2025-11-04 23:05:16,ContainerDamage_1644.jpg,ContainerDamage_1644,640,640,33.69,DENT,1,56.96,443.21,407.71,536.44,473.7,93.24,65.98,6152.1,318.44,0.015,489.82,440.71,1.413,wide,3504.47,Low
2025-11-04 23:05:16,ContainerDamage_1644.jpg,ContainerDamage_1644,640,640,33.69,DENT,1,51.32,347.87,238.88,442.88,335.48,95.01,96.6,9177.3,383.21,0.0224,395.37,287.18,0.984,tall,4709.74,Low
2025-11-04 23:05:16,ContainerDamage_1678.jpg,ContainerDamage_1678,640,640,152.11,DENT,1,25.09,119.7,0.0,235.35,130.33,115.65,130.33,15072.25,491.95,0.0368,177.53,65.17,0.887,tall,3780.91,Low
2025-11-04 23:05:16,ContainerDamage_1679.jpg,ContainerDamage_1679,640,640,39.19,DENT,1,40.93,438.36,25.01,541.32,137.59,102.96,112.57,11591.17,431.08,0.0283,489.84,81.3,0.915,tall,4743.94,Low
2025-11-04 23:05:16,ContainerDamage_1679.jpg,ContainerDamage_1679,640,640,39.19,DENT,1,30.07,457.09,36.28,536.48,125.92,79.39,89.64,7116.37,338.06,0.0174,496.79,81.1,0.886,tall,2139.6,Low
2025-11-04 23:05:16,ContainerDamage_1682.jpg,ContainerDamage_1682,640,640,137.67,DENT,1,55.0,500.59,75.05,638.14,277.67,137.55,202.63,27871.46,680.36,0.068,569.37,176.36,0.679,tall,15330.23,High
2025-11-04 23:05:16,ContainerDamage_1682.jpg,ContainerDamage_1682,640,640,137.67,DENT,1,33.9,87.96,471.14,208.48,595.78,120.52,124.64,15021.5,490.32,0.0367,148.22,533.46,0.967,tall,5092.24,Low
2025-11-04 23:05:16,ContainerDamage_1682.jpg,ContainerDamage_1682,640,640,137.67,DENT,1,25.15,98.84,481.99,200.49,580.25,101.65,98.27,9988.98,399.84,0.0244,149.67,531.12,1.034,wide,2512.56,Low
2025-11-04 23:05:16,ContainerDamage_1694.jpg,ContainerDamage_1694,640,640,42.02,DENT,1,66.02,470.44,108.42,594.7,310.61,124.26,202.19,25125.27,652.91,0.0613,532.57,209.52,0.615,tall,16588.61,High
2025-11-04 23:05:16,ContainerDamage_1697.jpg,ContainerDamage_1697,640,640,48.38,DENT,1,50.69,172.29,108.15,293.27,314.39,120.98,206.24,24950.61,654.44,0.0609,232.78,211.27,0.587,tall,12647.79,High
2025-11-04 23:05:16,ContainerDamage_1730.jpg,ContainerDamage_1730,640,640,164.72,DAMAGE - RUST,2,30.82,406.85,367.28,638.09,531.17,231.25,163.88,37897.47,790.26,0.0925,522.47,449.22,1.411,wide,11679.38,High
2025-11-04 23:05:16,ContainerDamage_1746.jpg,ContainerDamage_1746,640,640,52.56,DAMAGE - DEFRAME,0,76.02,101.23,316.99,326.16,575.15,224.93,258.15,58066.72,966.17,0.1418,213.7,446.07,0.871,tall,44143.58,High
2025-11-04 23:05:16,ContainerDamage_1750.jpg,ContainerDamage_1750,640,640,169.13,DENT,1,63.37,7.39,1.15,502.59,620.83,495.2,619.68,306868.66,2229.77,0.7492,254.99,310.99,0.799,tall,194467.8,High
2025-11-04 23:05:16,ContainerDamage_1757.jpg,ContainerDamage_1757,640,640,159.55,DENT,1,72.06,16.74,1.35,493.39,581.77,476.65,580.42,276658.07,2114.14,0.6754,255.07,291.56,0.821,tall,199373.26,High
2025-11-04 23:05:16,ContainerDamage_1757.jpg,ContainerDamage_1757,640,640,159.55,DENT,1,25.5,97.94,45.58,465.41,562.69,367.46,517.11,190019.73,1769.15,0.4639,281.68,304.13,0.711,tall,48455.27,High
2025-11-04 23:05:16,ContainerDamage_1761.jpg,ContainerDamage_1761,640,640,43.48,DENT,1,68.09,101.87,0.27,640.0,639.77,538.13,639.49,344133.08,2355.25,0.8402,370.93,320.02,0.841,tall,234320.74,High
2025-11-04 23:05:16,ContainerDamage_1779.jpg,ContainerDamage_1779,640,640,35.4,DENT,1,54.77,350.63,311.68,638.17,600.78,287.54,289.1,83126.57,1153.27,0.2029,494.4,456.23,0.995,tall,45527.59,High
2025-11-04 23:05:16,ContainerDamage_1782.jpg,ContainerDamage_1782,640,640,125.1,DENT,1,32.82,253.86,146.55,440.63,323.59,186.77,177.04,33065.35,727.62,0.0807,347.24,235.07,1.055,wide,10852.53,High
2025-11-04 23:05:16,ContainerDamage_1790.jpg,ContainerDamage_1790,640,640,44.25,DENT,1,41.91,337.86,84.25,475.01,444.48,137.15,360.23,49405.54,994.76,0.1206,406.43,264.36,0.381,tall,20707.55,High
2025-11-04 23:05:16,ContainerDamage_1790.jpg,ContainerDamage_1790,640,640,44.25,DENT,1,32.38,344.15,172.87,475.33,433.28,131.17,260.4,34157.44,783.15,0.0834,409.74,303.08,0.504,tall,11061.03,High
2025-11-04 23:05:16,ContainerDamage_1802.jpg,ContainerDamage_1802,640,640,139.8,DENT,1,30.61,286.39,205.06,489.68,542.01,203.29,336.94,68496.38,1080.46,0.1672,388.03,373.54,0.603,tall,20968.71,High
2025-11-04 23:05:16,ContainerDamage_1816.jpg,ContainerDamage_1816,640,640,120.78,DENT,1,25.37,270.09,432.0,405.06,566.62,134.97,134.63,18170.44,539.19,0.0444,337.57,499.31,1.003,wide,4609.33,Low
2025-11-04 23:05:16,ContainerDamage_1821.jpg,ContainerDamage_1821,640,640,28.59,DENT,1,31.97,88.25,293.96,159.99,423.61,71.75,129.65,9302.18,402.8,0.0227,124.12,358.78,0.553,tall,2973.79,Low
2025-11-04 23:05:16,ContainerDamage_1823.jpg,ContainerDamage_1823,640,640,161.86,DENT,1,27.71,309.38,69.56,441.98,242.27,132.6,172.71,22901.04,610.62,0.0559,375.68,155.92,0.768,tall,6345.77,High
2025-11-04 23:05:16,ContainerDamage_1838.jpg,ContainerDamage_1838,640,640,45.41,DAMAGE - RUST,2,41.08,436.66,173.57,475.84,584.03,39.18,410.46,16081.36,899.28,0.0393,456.25,378.8,0.095,tall,6606.25,Low
2025-11-04 23:05:16,ContainerDamage_1838.jpg,ContainerDamage_1838,640,640,45.41,DAMAGE - RUST,2,38.66,435.12,176.7,478.18,484.64,43.07,307.94,13262.28,702.01,0.0324,456.65,330.67,0.14,tall,5126.81,Low
2025-11-04 23:05:16,ContainerDamage_1875.jpg,ContainerDamage_1875,640,640,72.6,DENT,1,27.57,71.9,309.22,128.16,346.94,56.26,37.72,2122.02,187.96,0.0052,100.03,328.08,1.492,wide,585.01,Low
2025-11-04 23:05:16,ContainerDamage_1875.jpg,ContainerDamage_1875,640,640,72.6,DAMAGE - RUST,2,25.95,476.07,77.58,537.25,222.13,61.18,144.55,8843.31,411.46,0.0216,506.66,149.86,0.423,tall,2294.63,Low
2025-11-04 23:05:16,ContainerDamage_1895.jpg,ContainerDamage_1895,640,640,163.13,DAMAGE - DEFRAME,0,43.79,236.52,322.65,634.33,625.71,397.81,303.06,120560.49,1401.74,0.2943,435.43,474.18,1.313,wide,52794.98,High
2025-11-04 23:05:16,ContainerDamage_1899.jpg,ContainerDamage_1899,640,640,67.54,DENT,1,26.69,140.19,372.12,310.95,508.82,170.76,136.7,23342.97,614.92,0.057,225.57,440.47,1.249,wide,6230.7,High
2025-11-04 23:05:16,ContainerDamage_201.jpg,ContainerDamage_201,640,640,21.43,DENT,1,28.76,1.87,32.45,475.66,285.51,473.79,253.06,119895.57,1453.69,0.2927,238.77,158.98,1.872,wide,34479.4,High
2025-11-04 23:05:16,ContainerDamage_201.jpg,ContainerDamage_201,640,640,21.43,DENT,1,27.04,152.77,8.08,577.1,318.42,424.33,310.34,131688.21,1469.35,0.3215,364.93,163.25,1.367,wide,35605.33,High
2025-11-04 23:05:16,ContainerDamage_2109.jpg,ContainerDamage_2109,640,640,61.91,DENT,1,34.34,343.37,403.6,419.41,529.19,76.04,125.59,9549.47,403.25,0.0233,381.39,466.4,0.605,tall,3279.61,Low
2025-11-04 23:05:16,ContainerDamage_2147.jpg,ContainerDamage_2147,640,640,153.34,DENT,1,35.94,294.14,145.66,416.5,266.01,122.36,120.35,14725.32,485.41,0.036,355.32,205.84,1.017,wide,5292.06,Low
2025-11-04 23:05:16,ContainerDamage_2261.jpg,ContainerDamage_2261,640,640,135.77,DAMAGE - RUST,2,87.25,5.24,223.77,251.92,350.7,246.68,126.93,31310.48,747.22,0.0764,128.58,287.23,1.943,wide,27317.1,High
2025-11-04 23:05:16,ContainerDamage_2261.jpg,ContainerDamage_2261,640,640,135.77,DAMAGE - RUST,2,50.43,140.06,140.46,250.42,189.69,110.36,49.23,5433.43,319.19,0.0133,195.24,165.07,2.242,wide,2740.17,Low
2025-11-04 23:05:16,ContainerDamage_2261.jpg,ContainerDamage_2261,640,640,135.77,DAMAGE - RUST,2,45.62,153.81,140.94,253.22,181.07,99.41,40.12,3988.62,279.07,0.0097,203.52,161.0,2.478,wide,1819.8,Low
2025-11-04 23:05:16,ContainerDamage_2261.jpg,ContainerDamage_2261,640,640,135.77,DAMAGE - RUST,2,39.09,170.77,137.99,258.35,172.86,87.58,34.87,3053.94,244.9,0.0075,214.56,155.42,2.512,wide,1193.92,Low
2025-11-04 23:05:16,ContainerDamage_2261.jpg,ContainerDamage_2261,640,640,135.77,DAMAGE - RUST,2,30.39,257.37,359.13,377.77,499.46,120.4,140.33,16895.86,521.46,0.0412,317.57,429.29,0.858,tall,5134.06,Low
2025-11-04 23:05:16,ContainerDamage_2261.jpg,ContainerDamage_2261,640,640,135.77,DAMAGE - RUST,2,26.15,68.47,455.83,96.04,485.72,27.57,29.89,824.09,114.92,0.002,82.25,470.78,0.922,tall,215.51,Low
2025-11-04 23:05:16,ContainerDamage_2261.jpg,ContainerDamage_2261,640,640,135.77,DAMAGE - RUST,2,26.07,183.11,141.63,257.63,169.85,74.52,28.22,2102.86,205.48,0.0051,220.37,155.74,2.641,wide,548.3,Low
2025-11-04 23:05:16,ContainerDamage_2261.jpg,ContainerDamage_2261,640,640,135.77,DAMAGE - RUST,2,25.25,386.66,124.85,411.46,154.46,24.81,29.6,734.33,108.82,0.0018,399.06,139.66,0.838,tall,185.42,Low
2025-11-04 23:05:16,ContainerDamage_2261.jpg,ContainerDamage_2261,640,640,135.77,DAMAGE - RUST,2,25.02,6.88,240.24,204.11,349.99,197.23,109.76,21646.95,613.97,0.0528,105.5,295.12,1.797,wide,5416.34,High
2025-11-04 23:05:16,ContainerDamage_2274.jpg,ContainerDamage_2274,640,640,33.01,DENT,1,30.29,374.59,20.98,639.82,391.28,265.23,370.3,98217.37,1271.08,0.2398,507.21,206.13,0.716,tall,29750.66,High
2025-11-04 23:05:16,ContainerDamage_2290.jpg,ContainerDamage_2290,640,640,15.45,DENT,1,62.8,282.74,312.74,640.0,625.1,357.26,312.36,111595.38,1339.25,0.2724,461.37,468.92,1.144,wide,70083.17,High
2025-11-04 23:05:16,ContainerDamage_2297.jpg,ContainerDamage_2297,640,640,173.8,DENT,1,30.55,327.64,212.7,447.19,352.56,119.55,139.86,16720.94,518.83,0.0408,387.41,282.63,0.855,tall,5107.68,Low
2025-11-04 23:05:16,ContainerDamage_2309.jpg,ContainerDamage_2309,640,640,35.96,DENT,1,49.29,76.39,310.41,541.47,469.34,465.08,158.93,73914.93,1248.02,0.1805,308.93,389.88,2.926,wide,36431.1,High
2025-11-04 23:05:16,ContainerDamage_2309.jpg,ContainerDamage_2309,640,640,35.96,DENT,1,40.1,570.33,155.93,640.0,266.84,69.67,110.9,7726.68,361.15,0.0189,605.16,211.39,0.628,tall,3098.67,Low
2025-11-04 23:05:16,ContainerDamage_2309.jpg,ContainerDamage_2309,640,640,35.96,DENT,1,39.25,80.37,338.68,303.56,438.07,223.19,99.38,22181.64,645.15,0.0542,191.97,388.38,2.246,wide,8707.33,High
2025-11-04 23:05:16,ContainerDamage_2309.jpg,ContainerDamage_2309,640,640,35.96,DENT,1,37.09,88.2,334.61,407.5,423.73,319.3,89.12,28455.73,816.84,0.0695,247.85,379.17,3.583,wide,10555.04,High
2025-11-04 23:05:16,ContainerDamage_2309.jpg,ContainerDamage_2309,640,640,35.96,DENT,1,34.26,415.97,313.88,549.54,528.22,133.57,214.35,28630.31,695.83,0.0699,482.76,421.05,0.623,tall,9809.69,High
2025-11-04 23:05:16,ContainerDamage_2322.jpg,ContainerDamage_2322,640,640,48.35,DAMAGE - DEFRAME,0,30.44,340.77,24.07,559.8,580.12,219.02,556.05,121786.57,1550.14,0.2973,450.29,302.09,0.394,tall,37077.11,High
2025-11-04 23:05:16,ContainerDamage_2331.jpg,ContainerDamage_2331,640,640,76.87,DENT,1,26.13,4.02,302.93,97.02,372.91,93.0,69.98,6508.57,325.97,0.0159,50.52,337.92,1.329,wide,1700.54,Low
2025-11-04 23:05:16,ContainerDamage_2349.jpg,ContainerDamage_2349,640,640,119.48,DENT,1,49.36,159.74,123.11,286.21,328.5,126.48,205.39,25977.09,663.73,0.0634,222.98,225.8,0.616,tall,12823.05,High
2025-11-04 23:05:16,ContainerDamage_2349.jpg,ContainerDamage_2349,640,640,119.48,DENT,1,46.19,361.6,307.24,485.3,461.03,123.71,153.79,19025.33,555.0,0.0464,423.45,384.13,0.804,tall,8787.4,Low
2025-11-04 23:05:16,ContainerDamage_2351.jpg,ContainerDamage_2351,640,640,71.57,DENT,1,58.13,370.08,130.42,511.93,333.53,141.84,203.11,28809.27,689.9,0.0703,441.0,231.98,0.698,tall,16746.4,High
2025-11-04 23:05:16,ContainerDamage_2380.jpg,ContainerDamage_2380,640,640,23.88,DENT,1,51.84,3.07,267.44,175.09,429.07,172.02,161.64,27804.9,667.32,0.0679,89.08,348.25,1.064,wide,14412.94,High
2025-11-04 23:05:16,ContainerDamage_2387.jpg,ContainerDamage_2387,640,640,68.87,DENT,1,26.52,237.88,16.73,428.98,631.66,191.1,614.93,117512.77,1612.07,0.2869,333.43,324.19,0.311,tall,31166.28,High
2025-11-04 23:05:16,ContainerDamage_2395.jpg,ContainerDamage_2395,640,640,165.35,DENT,1,45.5,103.94,132.26,607.42,408.08,503.48,275.82,138868.84,1558.6,0.339,355.68,270.17,1.825,wide,63183.21,High
2025-11-04 23:05:16,ContainerDamage_2395.jpg,ContainerDamage_2395,640,640,165.35,DENT,1,25.29,98.36,72.06,617.65,457.48,519.29,385.42,200146.91,1809.43,0.4886,358.01,264.77,1.347,wide,50610.04,High
2025-11-04 23:05:16,ContainerDamage_2395.jpg,ContainerDamage_2395,640,640,165.35,DENT,1,25.18,292.23,173.41,612.02,296.36,319.8,122.94,39317.19,885.48,0.096,452.13,234.89,2.601,wide,9901.4,High
2025-11-04 23:05:16,ContainerDamage_2396.jpg,ContainerDamage_2396,640,640,168.79,DENT,1,64.22,30.87,197.3,255.3,533.43,224.43,336.13,75437.15,1121.12,0.1842,143.09,365.36,0.668,tall,48442.55,High
2025-11-04 23:05:16,ContainerDamage_2396.jpg,ContainerDamage_2396,640,640,168.79,DENT,1,32.5,60.95,216.35,209.13,521.48,148.18,305.13,45214.95,906.63,0.1104,135.04,368.91,0.486,tall,14694.73,High
2025-11-04 23:05:16,ContainerDamage_2396.jpg,ContainerDamage_2396,640,640,168.79,DENT,1,26.51,4.29,131.85,288.64,548.72,284.35,416.87,118535.99,1402.44,0.2894,146.46,340.29,0.682,tall,31421.08,High
2025-11-04 23:05:16,ContainerDamage_2439.jpg,ContainerDamage_2439,640,640,184.91,DAMAGE - DEFRAME,0,31.87,29.14,65.11,302.3,216.89,273.16,151.78,41461.45,849.89,0.1012,165.72,141.0,1.8,wide,13213.6,High
2025-11-04 23:05:16,ContainerDamage_2439.jpg,ContainerDamage_2439,640,640,184.91,DAMAGE - RUST,2,27.27,253.61,469.02,528.27,580.53,274.66,111.5,30625.51,772.33,0.0748,390.94,524.77,2.463,wide,8350.38,High
2025-11-04 23:05:16,ContainerDamage_2459.jpg,ContainerDamage_2459,640,640,166.79,DAMAGE - HOLE,3,34.88,155.13,512.99,274.22,605.65,119.09,92.66,11034.73,423.5,0.0269,214.68,559.32,1.285,wide,3848.76,Low
2025-11-04 23:05:16,ContainerDamage_2459.jpg,ContainerDamage_2459,640,640,166.79,DAMAGE - DEFRAME,0,31.97,279.05,208.76,640.0,509.83,360.95,301.07,108671.69,1324.04,0.2653,459.53,359.29,1.199,wide,34742.79,High
2025-11-04 23:05:16,ContainerDamage_2459.jpg,ContainerDamage_2459,640,640,166.79,DAMAGE - HOLE,3,30.87,162.26,525.68,253.05,594.65,90.79,68.97,6261.86,319.52,0.0153,207.66,560.16,1.316,wide,1933.08,Low
2025-11-04 23:05:16,ContainerDamage_2461.jpg,ContainerDamage_2461,640,640,73.32,DAMAGE - HOLE,3,56.99,479.98,120.12,579.66,204.02,99.67,83.9,8362.93,367.15,0.0204,529.82,162.07,1.188,wide,4766.05,Low
2025-11-04 23:05:16,ContainerDamage_2461.jpg,ContainerDamage_2461,640,640,73.32,DAMAGE - HOLE,3,52.04,408.2,174.4,467.32,236.49,59.12,62.09,3671.15,242.43,0.009,437.76,205.44,0.952,tall,1910.51,Low
2025-11-04 23:05:16,ContainerDamage_2461.jpg,ContainerDamage_2461,640,640,73.32,DAMAGE - HOLE,3,35.31,402.41,164.19,476.77,243.12,74.35,78.93,5868.58,306.56,0.0143,439.59,203.65,0.942,tall,2071.97,Low
2025-11-04 23:05:16,ContainerDamage_2461.jpg,ContainerDamage_2461,640,640,73.32,DAMAGE - DEFRAME,0,31.49,0.12,144.54,162.93,405.24,162.81,260.7,42443.31,847.01,0.1036,81.52,274.89,0.625,tall,13367.28,High
2025-11-04 23:05:16,ContainerDamage_2461.jpg,ContainerDamage_2461,640,640,73.32,DAMAGE - HOLE,3,26.78,474.92,108.6,597.05,218.0,122.12,109.4,13360.18,463.04,0.0326,535.98,163.3,1.116,wide,3577.67,Low
2025-11-04 23:05:16,ContainerDamage_2475.jpg,ContainerDamage_2475,640,640,135.12,DENT,1,26.81,235.23,238.54,331.36,472.49,96.13,233.95,22489.99,660.16,0.0549,283.3,355.52,0.411,tall,6029.38,High
2025-11-04 23:05:16,ContainerDamage_2486.jpg,ContainerDamage_2486,640,640,127.79,DENT,1,30.56,130.13,212.15,444.34,471.23,314.22,259.08,81407.32,1146.59,0.1987,287.23,341.69,1.213,wide,24876.57,High
2025-11-04 23:05:16,ContainerDamage_2491.jpg,ContainerDamage_2491,640,640,150.82,DENT,1,26.97,135.67,94.57,420.69,407.73,285.02,313.16,89255.61,1196.35,0.2179,278.18,251.15,0.91,tall,24068.05,High
2025-11-04 23:05:16,ContainerDamage_2496.jpg,ContainerDamage_2496,640,640,50.1,DENT,1,28.4,60.6,9.99,624.8,630.46,564.2,620.47,350071.06,2369.35,0.8547,342.7,320.23,0.909,tall,99420.14,High
2025-11-04 23:05:16,ContainerDamage_2497.jpg,ContainerDamage_2497,640,640,42.97,DENT,1,33.69,225.75,0.0,637.29,569.96,411.54,569.96,234558.63,1962.99,0.5727,431.52,284.98,0.722,tall,79019.3,High
2025-11-04 23:05:16,ContainerDamage_25.jpg,ContainerDamage_25,640,640,142.75,DENT,1,52.34,353.92,105.33,525.45,299.08,171.53,193.75,33233.9,730.56,0.0811,439.68,202.21,0.885,tall,17393.62,High
2025-11-04 23:05:16,ContainerDamage_25.jpg,ContainerDamage_25,640,640,142.75,DENT,1,31.97,233.31,108.03,536.66,287.03,303.35,179.0,54300.32,964.71,0.1326,384.98,197.53,1.695,wide,17358.81,High
2025-11-04 23:05:16,ContainerDamage_2503.jpg,ContainerDamage_2503,640,640,61.57,DENT,1,33.4,1.0,35.87,525.55,565.29,524.55,529.42,277708.48,2107.94,0.678,263.27,300.58,0.991,tall,92741.72,High
2025-11-04 23:05:16,ContainerDamage_2517.jpg,ContainerDamage_2517,640,640,43.69,DENT,1,38.01,444.61,328.43,639.2,525.72,194.59,197.29,38391.04,783.76,0.0937,541.91,427.08,0.986,tall,14592.37,High
2025-11-04 23:05:16,ContainerDamage_2517.jpg,ContainerDamage_2517,640,640,43.69,DENT,1,28.25,232.19,273.88,635.39,563.07,403.2,289.19,116601.25,1384.78,0.2847,433.79,418.48,1.394,wide,32939.34,High
2025-11-04 23:05:16,ContainerDamage_2550.jpg,ContainerDamage_2550,640,640,155.04,DENT,1,31.62,219.63,83.46,469.52,375.44,249.88,291.98,72960.65,1083.72,0.1781,344.58,229.45,0.856,tall,23068.89,High
2025-11-04 23:05:16,ContainerDamage_2558.jpg,ContainerDamage_2558,640,640,45.26,DENT,1,40.84,141.85,236.29,388.26,318.11,246.41,81.81,20159.28,656.44,0.0492,265.06,277.2,3.012,wide,8232.89,High
2025-11-04 23:05:16,ContainerDamage_2560.jpg,ContainerDamage_2560,640,640,99.71,DENT,1,33.87,230.04,162.35,368.22,362.84,138.17,200.49,27702.44,677.33,0.0676,299.13,262.59,0.689,tall,9383.83,High
2025-11-04 23:05:16,ContainerDamage_2576.jpg,ContainerDamage_2576,640,640,47.15,DENT,1,28.9,166.03,296.52,271.62,418.53,105.59,122.01,12882.38,455.19,0.0315,218.83,357.52,0.865,tall,3723.12,Low
2025-11-04 23:05:16,ContainerDamage_2576.jpg,ContainerDamage_2576,640,640,47.15,DENT,1,26.4,293.83,171.08,456.17,306.25,162.34,135.17,21942.54,595.01,0.0536,375.0,238.67,1.201,wide,5793.08,High
2025-11-04 23:05:16,ContainerDamage_2587.jpg,ContainerDamage_2587,640,640,33.91,DENT,1,44.04,60.86,514.49,146.95,575.41,86.09,60.91,5244.13,294.01,0.0128,103.91,544.95,1.413,wide,2309.45,Low
2025-11-04 23:05:16,ContainerDamage_2587.jpg,ContainerDamage_2587,640,640,33.91,DENT,1,34.83,66.72,523.06,141.18,570.78,74.46,47.71,3552.69,244.35,0.0087,103.95,546.92,1.561,wide,1237.25,Low
2025-11-04 23:05:16,ContainerDamage_2605.jpg,ContainerDamage_2605,640,640,26.29,DENT,1,38.27,0.65,220.18,330.33,557.85,329.68,337.67,111321.02,1334.69,0.2718,165.49,389.01,0.976,tall,42604.53,High
2025-11-04 23:05:16,ContainerDamage_2608.jpg,ContainerDamage_2608,640,640,163.5,DENT,1,44.17,124.94,384.13,291.89,562.2,166.95,178.08,29730.55,690.06,0.0726,208.41,473.16,0.938,tall,13131.68,High
2025-11-04 23:05:16,ContainerDamage_2611.jpg,ContainerDamage_2611,640,640,175.5,DENT,1,47.35,226.69,450.15,346.85,552.29,120.16,102.14,12272.96,444.6,0.03,286.77,501.22,1.176,wide,5811.44,Low
2025-11-04 23:05:16,ContainerDamage_2611.jpg,ContainerDamage_2611,640,640,175.5,DENT,1,25.75,219.28,433.75,362.74,561.97,143.47,128.22,18395.93,543.38,0.0449,291.01,497.86,1.119,wide,4737.85,Low
2025-11-04 23:05:16,ContainerDamage_2629.jpg,ContainerDamage_2629,640,640,131.62,DENT,1,49.53,8.45,37.38,191.17,167.42,182.72,130.04,23760.47,625.51,0.058,99.81,102.4,1.405,wide,11769.35,High
2025-11-04 23:05:16,ContainerDamage_2635.jpg,ContainerDamage_2635,640,640,26.17,DENT,1,33.64,143.29,174.53,384.58,442.67,241.29,268.14,64698.6,1018.85,0.158,263.93,308.6,0.9,tall,21764.45,High
2025-11-04 23:05:16,ContainerDamage_2646.jpg,ContainerDamage_2646,640,640,31.65,DENT,1,29.26,220.51,146.34,414.82,454.53,194.31,308.2,59887.39,1005.03,0.1462,317.66,300.44,0.63,tall,17522.49,High
2025-11-04 23:05:16,ContainerDamage_2653.jpg,ContainerDamage_2653,640,640,144.09,DENT,1,33.92,0.46,175.96,218.61,334.75,218.16,158.79,34641.82,753.9,0.0846,109.53,255.36,1.374,wide,11750.2,High
2025-11-04 23:05:16,ContainerDamage_2653.jpg,ContainerDamage_2653,640,640,144.09,DENT,1,31.9,0.59,56.96,623.44,496.58,622.85,439.62,273816.0,2124.94,0.6685,312.01,276.77,1.417,wide,87355.07,High
2025-11-04 23:05:16,ContainerDamage_2653.jpg,ContainerDamage_2653,640,640,144.09,DENT,1,28.14,180.61,221.61,605.34,471.46,424.73,249.84,106116.0,1349.15,0.2591,392.97,346.53,1.7,wide,29862.2,High
2025-11-04 23:05:16,ContainerDamage_268.jpg,ContainerDamage_268,640,640,173.51,DENT,1,25.75,400.32,332.79,455.65,389.67,55.33,56.88,3147.43,224.43,0.0077,427.98,361.23,0.973,tall,810.49,Low
2025-11-04 23:05:16,ContainerDamage_2680.jpg,ContainerDamage_2680,640,640,45.79,DENT,1,60.13,33.25,457.19,122.45,562.83,89.21,105.65,9424.12,389.7,0.023,77.85,510.01,0.844,tall,5666.89,Low
2025-11-04 23:05:16,ContainerDamage_2680.jpg,ContainerDamage_2680,640,640,45.79,DENT,1,31.65,266.45,222.67,448.22,402.59,181.77,179.91,32703.51,723.37,0.0798,357.34,312.63,1.01,wide,10351.56,High
2025-11-04 23:05:16,ContainerDamage_2680.jpg,ContainerDamage_2680,640,640,45.79,DENT,1,25.83,265.31,442.56,331.92,514.91,66.61,72.34,4818.77,277.91,0.0118,298.62,478.74,0.921,tall,1244.82,Low
2025-11-04 23:05:16,ContainerDamage_2686.jpg,ContainerDamage_2686,640,640,45.44,DENT,1,28.25,187.48,481.17,493.74,538.11,306.25,56.93,17436.29,726.37,0.0426,340.61,509.64,5.379,wide,4926.24,Low
2025-11-04 23:05:16,ContainerDamage_2702.jpg,ContainerDamage_2702,640,640,108.69,DENT,1,53.92,72.43,120.8,356.18,508.95,283.76,388.16,110141.72,1343.82,0.2689,214.3,314.87,0.731,tall,59393.44,High
2025-11-04 23:05:16,ContainerDamage_2712.jpg,ContainerDamage_2712,640,640,164.58,DENT,1,45.48,245.08,249.7,466.79,465.55,221.72,215.85,47858.64,875.14,0.1168,355.94,357.63,1.027,wide,21767.35,High
2025-11-04 23:05:16,ContainerDamage_2712.jpg,ContainerDamage_2712,640,640,164.58,DENT,1,30.75,273.75,271.15,492.9,477.54,219.15,206.39,45230.68,851.08,0.1104,383.33,374.34,1.062,wide,13907.65,High
2025-11-04 23:05:16,ContainerDamage_2715.jpg,ContainerDamage_2715,640,640,116.04,DENT,1,33.6,253.23,229.25,418.96,405.03,165.74,175.78,29133.14,683.03,0.0711,336.1,317.14,0.943,tall,9789.31,High
2025-11-04 23:05:16,ContainerDamage_2715.jpg,ContainerDamage_2715,640,640,116.04,DENT,1,29.06,252.04,207.71,462.87,408.76,210.83,201.05,42387.52,823.76,0.1035,357.46,308.24,1.049,wide,12315.79,High
2025-11-04 23:05:16,ContainerDamage_2729.jpg,ContainerDamage_2729,640,640,145.05,DENT,1,32.89,253.35,256.05,360.37,360.36,107.03,104.31,11164.27,422.68,0.0273,306.86,308.2,1.026,wide,3672.12,Low
2025-11-04 23:05:16,ContainerDamage_2729.jpg,ContainerDamage_2729,640,640,145.05,DENT,1,25.25,256.94,271.78,356.75,349.22,99.81,77.44,7729.21,354.5,0.0189,306.84,310.5,1.289,wide,1951.29,Low
2025-11-04 23:05:16,ContainerDamage_2759.jpg,ContainerDamage_2759,640,640,165.12,DENT,1,54.88,46.14,244.9,183.75,566.47,137.61,321.57,44250.5,918.35,0.108,114.94,405.69,0.428,tall,24283.66,High
2025-11-04 23:05:16,ContainerDamage_2759.jpg,ContainerDamage_2759,640,640,165.12,DENT,1,37.62,23.08,43.55,214.51,590.18,191.43,546.63,104642.41,1476.12,0.2555,118.8,316.86,0.35,tall,39367.24,High
2025-11-04 23:05:16,ContainerDamage_2759.jpg,ContainerDamage_2759,640,640,165.12,DENT,1,28.44,50.57,132.53,200.37,491.03,149.8,358.5,53702.5,1016.59,0.1311,125.47,311.78,0.418,tall,15274.85,High
2025-11-04 23:05:16,ContainerDamage_277.jpg,ContainerDamage_277,640,640,123.81,DENT,1,51.38,316.93,495.95,601.31,623.71,284.38,127.76,36333.22,824.28,0.0887,459.12,559.83,2.226,wide,18666.2,High
2025-11-04 23:05:16,ContainerDamage_2777.jpg,ContainerDamage_2777,640,640,45.79,DENT,1,50.22,386.79,497.63,479.82,635.42,93.04,137.78,12819.03,461.64,0.0313,433.3,566.52,0.675,tall,6438.06,Low
2025-11-04 23:05:16,ContainerDamage_2777.jpg,ContainerDamage_2777,640,640,45.79,DENT,1,46.69,261.6,230.56,354.74,430.08,93.13,199.52,18581.68,585.3,0.0454,308.17,330.32,0.467,tall,8676.44,Low
2025-11-04 23:05:16,ContainerDamage_2818.jpg,ContainerDamage_2818,640,640,182.13,DENT,1,54.54,278.04,45.17,476.67,569.91,198.63,524.74,104227.97,1446.74,0.2545,377.36,307.54,0.379,tall,56842.5,High
2025-11-04 23:05:16,ContainerDamage_2821.jpg,ContainerDamage_2821,640,640,57.94,DENT,1,33.65,21.47,115.27,136.67,494.7,115.2,379.43,43710.38,989.26,0.1067,79.07,304.99,0.304,tall,14708.52,High
2025-11-04 23:05:16,ContainerDamage_2821.jpg,ContainerDamage_2821,640,640,57.94,DENT,1,31.77,21.51,220.95,141.59,488.99,120.08,268.03,32185.03,776.22,0.0786,81.55,354.97,0.448,tall,10224.6,High
2025-11-04 23:05:16,ContainerDamage_2821.jpg,ContainerDamage_2821,640,640,57.94,DENT,1,26.6,0.2,26.56,165.9,493.97,165.7,467.41,77450.57,1266.22,0.1891,83.05,260.26,0.355,tall,20605.41,High
2025-11-04 23:05:16,ContainerDamage_2826.jpg,ContainerDamage_2826,640,640,136.5,DENT,1,51.36,100.75,482.84,218.93,597.49,118.18,114.66,13549.68,465.67,0.0331,159.84,540.16,1.031,wide,6959.16,Low
2025-11-04 23:05:16,ContainerDamage_2826.jpg,ContainerDamage_2826,640,640,136.5,DENT,1,28.42,79.15,475.62,253.55,603.45,174.4,127.82,22291.68,604.44,0.0544,166.35,539.53,1.364,wide,6336.23,High
2025-11-04 23:05:16,ContainerDamage_2853.jpg,ContainerDamage_2853,640,640,122.79,DENT,1,36.47,314.96,329.35,619.98,601.25,305.02,271.91,82936.82,1153.85,0.2025,467.47,465.3,1.122,wide,30245.37,High
2025-11-04 23:05:16,ContainerDamage_2853.jpg,ContainerDamage_2853,640,640,122.79,DENT,1,26.83,183.0,340.77,622.89,636.25,439.89,295.49,129980.43,1470.75,0.3173,402.94,488.51,1.489,wide,34873.13,High
2025-11-04 23:05:16,ContainerDamage_287.jpg,ContainerDamage_287,640,640,144.41,DENT,1,45.24,190.5,457.13,305.64,595.93,115.14,138.81,15982.77,507.9,0.039,248.07,526.53,0.83,tall,7230.86,Low
2025-11-04 23:05:16,ContainerDamage_2872.jpg,ContainerDamage_2872,640,640,27.44,DENT,1,54.36,392.45,254.67,597.08,347.62,204.62,92.95,19020.49,595.15,0.0464,494.77,301.15,2.201,wide,10339.37,Low
2025-11-04 23:05:16,ContainerDamage_2885.jpg,ContainerDamage_2885,640,640,160.36,DENT,1,29.68,218.12,76.25,462.56,480.09,244.44,403.84,98713.98,1296.56,0.241,340.34,278.17,0.605,tall,29296.17,High
2025-11-04 23:05:16,ContainerDamage_2906.jpg,ContainerDamage_2906,640,640,42.33,DENT,1,59.07,319.5,528.03,430.05,633.96,110.55,105.93,11710.94,432.97,0.0286,374.77,581.0,1.044,wide,6917.26,Low
2025-11-04 23:05:16,ContainerDamage_2914.jpg,ContainerDamage_2914,640,640,57.29,DENT,1,55.77,0.0,394.24,62.88,516.27,62.88,122.03,7673.0,369.81,0.0187,31.44,455.25,0.515,tall,4279.43,Low
2025-11-04 23:05:16,ContainerDamage_293.jpg,ContainerDamage_293,640,640,170.56,DENT,1,54.83,151.87,122.21,467.2,427.78,315.32,305.56,96351.03,1241.77,0.2352,309.54,274.99,1.032,wide,52825.16,High
2025-11-04 23:05:16,ContainerDamage_2935.jpg,ContainerDamage_2935,640,640,87.6,DENT,1,27.13,237.22,349.46,387.89,467.5,150.66,118.04,17784.0,537.4,0.0434,312.55,408.48,1.276,wide,4825.66,Low
2025-11-04 23:05:16,ContainerDamage_2940.jpg,ContainerDamage_2940,640,640,40.94,DENT,1,55.7,517.79,95.1,640.0,303.91,122.21,208.81,25518.35,662.04,0.0623,578.9,199.51,0.585,tall,14213.53,High
2025-11-04 23:05:16,ContainerDamage_2940.jpg,ContainerDamage_2940,640,640,40.94,DENT,1,35.47,274.33,31.65,390.39,340.27,116.06,308.62,35818.93,849.37,0.0874,332.36,185.96,0.376,tall,12704.84,High
2025-11-04 23:05:16,ContainerDamage_2953.jpg,ContainerDamage_2953,640,640,170.68,DENT,1,64.26,2.28,22.62,635.06,518.15,632.78,495.53,313562.97,2256.63,0.7655,318.67,270.39,1.277,wide,201488.09,High
2025-11-04 23:05:16,ContainerDamage_2953.jpg,ContainerDamage_2953,640,640,170.68,DENT,1,29.08,2.44,21.37,432.89,521.9,430.44,500.54,215452.98,1861.96,0.526,217.67,271.63,0.86,tall,62650.82,High
2025-11-04 23:05:16,ContainerDamage_2953.jpg,ContainerDamage_2953,640,640,170.68,DENT,1,25.73,401.57,173.89,631.1,380.34,229.53,206.45,47388.17,871.98,0.1157,516.34,277.12,1.112,wide,12195.26,High
2025-11-04 23:05:16,ContainerDamage_2956.jpg,ContainerDamage_2956,640,640,31.79,DENT,1,48.54,0.0,205.33,410.2,622.03,410.2,416.71,170931.12,1653.8,0.4173,205.1,413.68,0.984,tall,82970.19,High
2025-11-04 23:05:16,ContainerDamage_2956.jpg,ContainerDamage_2956,640,640,31.79,DENT,1,32.98,14.09,201.55,637.64,499.18,623.55,297.63,185590.6,1842.37,0.4531,325.86,350.37,2.095,wide,61216.8,High
2025-11-04 23:05:16,ContainerDamage_2956.jpg,ContainerDamage_2956,640,640,31.79,DENT,1,28.93,0.51,196.25,622.52,607.79,622.01,411.54,255982.3,2067.1,0.625,311.51,402.02,1.511,wide,74063.29,High
2025-11-04 23:05:16,ContainerDamage_2956.jpg,ContainerDamage_2956,640,640,31.79,DENT,1,27.98,0.0,200.47,291.37,635.0,291.37,434.54,126611.24,1451.81,0.3091,145.69,417.74,0.671,tall,35432.06,High
2025-11-04 23:05:16,ContainerDamage_2968.jpg,ContainerDamage_2968,640,640,111.96,DENT,1,44.22,303.87,164.39,458.48,223.16,154.61,58.77,9086.81,426.77,0.0222,381.18,193.77,2.631,wide,4017.94,Low
2025-11-04 23:05:16,ContainerDamage_2968.jpg,ContainerDamage_2968,640,640,111.96,DENT,1,35.02,303.5,247.8,558.23,338.5,254.72,90.7,23102.92,690.84,0.0564,430.86,293.15,2.808,wide,8091.49,High
2025-11-04 23:05:16,ContainerDamage_2968.jpg,ContainerDamage_2968,640,640,111.96,DENT,1,32.76,101.37,401.01,273.59,512.29,172.23,111.28,19165.37,567.01,0.0468,187.48,456.65,1.548,wide,6278.95,Low
2025-11-04 23:05:16,ContainerDamage_2971.jpg,ContainerDamage_2971,640,640,34.79,DENT,1,49.84,83.35,225.82,346.77,289.74,263.42,63.92,16838.3,654.69,0.0411,215.06,257.78,4.121,wide,8392.0,Low
2025-11-04 23:05:16,ContainerDamage_2971.jpg,ContainerDamage_2971,640,640,34.79,DENT,1,31.68,208.9,142.81,348.32,198.07,139.42,55.26,7704.01,389.35,0.0188,278.61,170.44,2.523,wide,2440.53,Low
2025-11-04 23:05:16,ContainerDamage_2971.jpg,ContainerDamage_2971,640,640,34.79,DENT,1,26.96,352.72,416.85,493.36,515.19,140.64,98.34,13831.18,477.97,0.0338,423.04,466.02,1.43,wide,3729.54,Low
2025-11-04 23:05:16,ContainerDamage_3025.jpg,ContainerDamage_3025,640,640,58.72,DENT,1,41.32,299.4,209.87,382.67,340.45,83.27,130.58,10873.43,427.7,0.0265,341.03,275.16,0.638,tall,4492.72,Low
2025-11-04 23:05:16,ContainerDamage_304.jpg,ContainerDamage_304,640,640,27.09,DENT,1,46.59,63.13,137.18,230.71,341.08,167.57,203.9,34168.94,742.95,0.0834,146.92,239.13,0.822,tall,15919.82,High
2025-11-04 23:05:16,ContainerDamage_306.jpg,ContainerDamage_306,640,640,80.18,DENT,1,30.95,374.04,130.05,547.1,310.31,173.06,180.26,31195.14,706.63,0.0762,460.57,220.18,0.96,tall,9653.85,High
2025-11-04 23:05:16,ContainerDamage_3092.jpg,ContainerDamage_3092,640,640,67.98,DENT,1,36.42,194.17,256.33,321.63,338.84,127.47,82.51,10516.64,419.94,0.0257,257.9,297.59,1.545,wide,3829.98,Low
2025-11-04 23:05:16,ContainerDamage_320.jpg,ContainerDamage_320,640,640,179.26,DENT,1,52.11,204.69,77.21,512.76,198.27,308.07,121.06,37295.04,858.26,0.0911,358.73,137.74,2.545,wide,19434.77,High
2025-11-04 23:05:16,ContainerDamage_320.jpg,ContainerDamage_320,640,640,179.26,DENT,1,30.97,200.46,64.35,546.94,220.15,346.48,155.8,53981.35,1004.56,0.1318,373.7,142.25,2.224,wide,16717.23,High
2025-11-04 23:05:16,ContainerDamage_3259.jpg,ContainerDamage_3259,640,640,31.59,DENT,1,47.14,4.37,1.45,639.76,540.04,635.39,538.59,342216.61,2347.97,0.8355,322.07,270.74,1.18,wide,161337.51,High
2025-11-04 23:05:16,ContainerDamage_3259.jpg,ContainerDamage_3259,640,640,31.59,DENT,1,35.86,274.27,62.42,640.0,352.76,365.73,290.34,106185.63,1312.14,0.2592,457.13,207.59,1.26,wide,38073.65,High
2025-11-04 23:05:16,ContainerDamage_3259.jpg,ContainerDamage_3259,640,640,31.59,DENT,1,30.11,99.34,6.65,640.0,420.52,540.66,413.87,223764.91,1909.07,0.5463,369.67,213.59,1.306,wide,67366.9,High
2025-11-04 23:05:16,ContainerDamage_3259.jpg,ContainerDamage_3259,640,640,31.59,DENT,1,27.45,565.4,168.19,640.0,297.24,74.6,129.05,9627.36,407.31,0.0235,602.7,232.71,0.578,tall,2642.94,Low
2025-11-04 23:05:16,ContainerDamage_3267.jpg,ContainerDamage_3267,640,640,176.48,DENT,1,43.42,180.19,71.29,495.45,504.71,315.26,433.42,136639.25,1497.36,0.3336,337.82,288.0,0.727,tall,59325.39,High
2025-11-04 23:05:16,ContainerDamage_3272.jpg,ContainerDamage_3272,640,640,99.43,DENT,1,46.21,290.79,96.79,499.15,284.65,208.36,187.85,39141.12,792.43,0.0956,394.97,190.72,1.109,wide,18086.17,High
2025-11-04 23:05:16,ContainerDamage_3272.jpg,ContainerDamage_3272,640,640,99.43,DENT,1,37.45,115.79,78.48,537.44,533.38,421.65,454.9,191808.37,1753.1,0.4683,326.62,305.93,0.927,tall,71831.12,High
2025-11-04 23:05:16,ContainerDamage_3272.jpg,ContainerDamage_3272,640,640,99.43,DENT,1,27.24,24.24,377.52,268.89,544.77,244.64,167.25,40915.77,823.78,0.0999,146.57,461.14,1.463,wide,11146.07,High
2025-11-04 23:05:16,ContainerDamage_3276.jpg,ContainerDamage_3276,640,640,101.72,DAMAGE - DEFRAME,0,77.26,75.01,31.98,427.15,224.51,352.14,192.53,67797.81,1089.34,0.1655,251.08,128.24,1.829,wide,52381.88,High
2025-11-04 23:05:16,ContainerDamage_3276.jpg,ContainerDamage_3276,640,640,101.72,DAMAGE - DEFRAME,0,39.17,74.29,9.65,426.39,298.79,352.1,289.14,101804.29,1282.47,0.2485,250.34,154.22,1.218,wide,39877.33,High
2025-11-04 23:05:16,ContainerDamage_3276.jpg,ContainerDamage_3276,640,640,101.72,DAMAGE - RUST,2,31.57,253.45,371.52,406.57,481.57,153.12,110.05,16850.96,526.34,0.0411,330.01,426.54,1.391,wide,5320.33,Low
2025-11-04 23:05:16,ContainerDamage_3276.jpg,ContainerDamage_3276,640,640,101.72,DAMAGE - DEFRAME,0,25.44,84.45,82.21,198.19,195.2,113.74,112.99,12851.45,453.46,0.0314,141.32,138.7,1.007,wide,3268.82,Low
2025-11-04 23:05:16,ContainerDamage_3283.jpg,ContainerDamage_3283,640,640,170.64,DENT,1,31.6,119.62,68.16,495.36,492.17,375.74,424.01,159316.55,1599.49,0.389,307.49,280.17,0.886,tall,50341.34,High
2025-11-04 23:05:16,ContainerDamage_3283.jpg,ContainerDamage_3283,640,640,170.64,DENT,1,27.94,140.63,124.87,495.97,299.81,355.35,174.93,62162.1,1060.56,0.1518,318.3,212.34,2.031,wide,17368.02,High
2025-11-04 23:05:16,ContainerDamage_3283.jpg,ContainerDamage_3283,640,640,170.64,DENT,1,27.16,167.31,144.14,523.72,283.34,356.41,139.2,49612.45,991.22,0.1211,345.52,213.74,2.56,wide,13475.2,High
2025-11-04 23:05:16,ContainerDamage_3287.jpg,ContainerDamage_3287,640,640,59.69,DENT,1,83.51,30.75,77.85,257.32,443.51,226.58,365.67,82851.44,1184.49,0.2023,144.04,260.68,0.62,tall,69190.04,High
2025-11-04 23:05:16,ContainerDamage_3311.jpg,ContainerDamage_3311,640,640,180.34,DENT,1,66.5,0.0,0.85,556.77,549.79,556.77,548.95,305635.37,2211.43,0.7462,278.38,275.32,1.014,wide,203233.26,High
2025-11-04 23:05:16,ContainerDamage_3311.jpg,ContainerDamage_3311,640,640,180.34,DENT,1,48.45,428.6,62.49,559.19,199.91,130.59,137.42,17946.3,536.03,0.0438,493.89,131.2,0.95,tall,8694.8,Low
2025-11-04 23:05:16,ContainerDamage_3311.jpg,ContainerDamage_3311,640,640,180.34,DENT,1,45.82,30.29,0.6,372.18,256.75,341.89,256.15,87574.94,1196.08,0.2138,201.24,128.67,1.335,wide,40129.45,High
2025-11-04 23:05:16,ContainerDamage_3311.jpg,ContainerDamage_3311,640,640,180.34,DENT,1,34.38,198.67,268.07,482.58,506.8,283.91,238.73,67779.24,1045.29,0.1655,340.62,387.43,1.189,wide,23305.66,High
2025-11-04 23:05:16,ContainerDamage_3311.jpg,ContainerDamage_3311,640,640,180.34,DENT,1,27.18,423.18,25.02,566.95,206.81,143.77,181.79,26136.66,651.13,0.0638,495.06,115.91,0.791,tall,7103.7,High
2025-11-04 23:05:16,ContainerDamage_3313.jpg,ContainerDamage_3313,640,640,168.05,DENT,1,72.23,26.35,64.66,572.15,629.45,545.8,564.79,308262.41,2221.18,0.7526,299.25,347.06,0.966,tall,222654.1,High
2025-11-04 23:05:16,ContainerDamage_3313.jpg,ContainerDamage_3313,640,640,168.05,DENT,1,32.01,39.26,366.43,293.34,537.49,254.08,171.06,43464.28,850.29,0.1061,166.3,451.96,1.485,wide,13912.9,High
2025-11-04 23:05:16,ContainerDamage_3314.jpg,ContainerDamage_3314,640,640,116.5,DENT,1,55.26,121.62,77.11,249.27,228.22,127.66,151.11,19290.5,557.54,0.0471,185.45,152.66,0.845,tall,10659.49,Low
2025-11-04 23:05:16,ContainerDamage_3314.jpg,ContainerDamage_3314,640,640,116.5,DENT,1,52.82,106.41,0.36,636.45,555.43,530.04,555.07,294210.05,2170.22,0.7183,371.43,277.89,0.955,tall,155404.86,High
2025-11-04 23:05:16,ContainerDamage_3314.jpg,ContainerDamage_3314,640,640,116.5,DENT,1,41.23,332.4,2.56,639.55,252.84,307.15,250.28,76872.51,1114.85,0.1877,485.98,127.7,1.227,wide,31697.3,High
2025-11-04 23:05:16,ContainerDamage_3315.jpg,ContainerDamage_3315,640,640,181.71,DENT,1,57.88,89.37,396.33,274.88,638.34,185.52,242.01,44897.52,855.06,0.1096,182.13,517.33,0.767,tall,25986.3,High
2025-11-04 23:05:16,ContainerDamage_3315.jpg,ContainerDamage_3315,640,640,181.71,DENT,1,54.51,317.6,156.69,566.26,509.86,248.65,353.17,87816.91,1203.65,0.2144,441.93,333.28,0.704,tall,47872.51,High
2025-11-04 23:05:16,ContainerDamage_3315.jpg,ContainerDamage_3315,640,640,181.71,DENT,1,41.0,328.77,173.79,553.5,419.25,224.73,245.46,55163.06,940.39,0.1347,441.13,296.52,0.916,tall,22614.43,High
2025-11-04 23:05:16,ContainerDamage_3319.jpg,ContainerDamage_3319,640,640,41.98,DENT,1,56.89,333.62,375.5,638.35,639.92,304.74,264.42,80579.56,1138.32,0.1967,485.98,507.71,1.152,wide,45845.73,High
2025-11-04 23:05:16,ContainerDamage_3319.jpg,ContainerDamage_3319,640,640,41.98,DENT,1,49.38,29.29,35.74,640.0,640.0,610.71,604.26,369030.99,2429.95,0.901,334.64,337.87,1.011,wide,182221.34,High
2025-11-04 23:05:16,ContainerDamage_3319.jpg,ContainerDamage_3319,640,640,41.98,DENT,1,48.34,176.18,80.0,511.35,300.75,335.17,220.74,73986.1,1111.82,0.1806,343.76,190.37,1.518,wide,35765.03,High
2025-11-04 23:05:16,ContainerDamage_3319.jpg,ContainerDamage_3319,640,640,41.98,DENT,1,46.35,58.3,389.74,217.91,590.51,159.61,200.77,32045.41,720.77,0.0782,138.1,490.13,0.795,tall,14851.96,High
2025-11-04 23:05:16,ContainerDamage_3319.jpg,ContainerDamage_3319,640,640,41.98,DENT,1,25.31,403.72,385.82,640.0,548.29,236.28,162.47,38388.43,797.5,0.0937,521.86,467.06,1.454,wide,9716.9,High
2025-11-04 23:05:16,ContainerDamage_3332.jpg,ContainerDamage_3332,640,640,31.75,DENT,1,59.52,138.96,295.07,291.05,503.96,152.1,208.89,31771.55,721.98,0.0776,215.01,399.52,0.728,tall,18909.92,High
2025-11-04 23:05:16,ContainerDamage_3332.jpg,ContainerDamage_3332,640,640,31.75,DENT,1,52.81,0.09,316.05,89.95,455.81,89.86,139.75,12558.83,459.24,0.0307,45.02,385.93,0.643,tall,6631.72,Low
2025-11-04 23:05:16,ContainerDamage_3332.jpg,ContainerDamage_3332,640,640,31.75,DENT,1,50.34,302.63,207.9,460.48,342.07,157.85,134.18,21179.37,584.05,0.0517,381.56,274.98,1.176,wide,10660.98,High
2025-11-04 23:05:16,ContainerDamage_3332.jpg,ContainerDamage_3332,640,640,31.75,DENT,1,36.62,123.96,182.03,503.35,519.36,379.38,337.33,127977.74,1433.43,0.3124,313.65,350.7,1.125,wide,46859.85,High
2025-11-04 23:05:16,ContainerDamage_3332.jpg,ContainerDamage_3332,640,640,31.75,DENT,1,27.83,467.89,419.6,517.13,487.69,49.24,68.1,3353.19,234.68,0.0082,492.51,453.64,0.723,tall,933.28,Low
2025-11-04 23:05:16,ContainerDamage_3340.jpg,ContainerDamage_3340,640,640,161.81,DENT,1,41.75,101.47,159.42,243.58,323.85,142.1,164.43,23366.96,613.08,0.057,172.53,241.63,0.864,tall,9756.02,High
2025-11-04 23:05:16,ContainerDamage_3340.jpg,ContainerDamage_3340,640,640,161.81,DENT,1,32.5,42.23,18.07,532.5,629.13,490.28,611.06,299587.59,2202.67,0.7314,287.36,323.6,0.802,tall,97354.32,High
2025-11-04 23:05:16,ContainerDamage_3340.jpg,ContainerDamage_3340,640,640,161.81,DENT,1,26.58,304.77,29.75,433.54,220.3,128.77,190.55,24537.38,638.64,0.0599,369.16,125.02,0.676,tall,6522.08,High
2025-11-04 23:05:16,ContainerDamage_3340.jpg,ContainerDamage_3340,640,640,161.81,DENT,1,25.38,322.22,384.69,579.64,639.82,257.43,255.13,65677.59,1025.12,0.1603,450.93,512.25,1.009,wide,16666.35,High
2025-11-04 23:05:16,ContainerDamage_3371.jpg,ContainerDamage_3371,640,640,34.19,DENT,1,25.69,216.36,287.22,496.2,531.97,279.84,244.76,68492.3,1049.19,0.1672,356.28,409.6,1.143,wide,17595.34,High
2025-11-04 23:05:16,ContainerDamage_3375.jpg,ContainerDamage_3375,640,640,47.18,DENT,1,48.15,8.63,317.75,640.0,531.28,631.37,213.53,134814.31,1689.8,0.3291,324.31,424.51,2.957,wide,64914.81,High
2025-11-04 23:05:16,ContainerDamage_3375.jpg,ContainerDamage_3375,640,640,47.18,DENT,1,46.38,24.27,290.21,640.0,474.67,615.73,184.45,113573.66,1600.37,0.2773,332.13,382.44,3.338,wide,52680.87,High
2025-11-04 23:05:16,ContainerDamage_3375.jpg,ContainerDamage_3375,640,640,47.18,DENT,1,25.33,7.3,238.9,640.0,588.17,632.7,349.28,220988.74,1963.96,0.5395,323.65,413.54,1.811,wide,55978.95,High
2025-11-04 23:05:16,ContainerDamage_3391.jpg,ContainerDamage_3391,640,640,127.42,DENT,1,26.1,125.67,269.21,297.41,436.87,171.75,167.66,28795.76,678.82,0.0703,211.54,353.04,1.024,wide,7516.28,High
2025-11-04 23:05:16,ContainerDamage_3393.jpg,ContainerDamage_3393,640,640,141.99,DENT,1,32.97,56.68,225.14,554.82,508.04,498.14,282.9,140925.49,1562.09,0.3441,305.75,366.59,1.761,wide,46462.6,High
2025-11-04 23:05:16,ContainerDamage_3395.jpg,ContainerDamage_3395,640,640,68.95,DENT,1,47.28,273.07,184.7,433.66,583.89,160.6,399.19,64107.85,1119.57,0.1565,353.37,384.3,0.402,tall,30311.95,High
2025-11-04 23:05:16,ContainerDamage_3395.jpg,ContainerDamage_3395,640,640,68.95,DENT,1,41.42,226.63,2.45,472.91,569.0,246.27,566.55,139525.64,1625.64,0.3406,349.77,285.72,0.435,tall,57791.17,High
2025-11-04 23:05:16,ContainerDamage_3399.jpg,ContainerDamage_3399,640,640,143.21,DENT,1,33.16,122.08,2.15,629.06,589.61,506.98,587.47,297834.09,2188.89,0.7271,375.57,295.88,0.863,tall,98747.41,High
2025-11-04 23:05:16,ContainerDamage_3416.jpg,ContainerDamage_3416,640,640,35.5,DENT,1,60.13,170.7,0.0,627.81,330.24,457.11,330.24,150956.39,1574.7,0.3685,399.26,165.12,1.384,wide,90766.63,High
2025-11-04 23:05:16,ContainerDamage_3428.jpg,ContainerDamage_3428,640,640,32.21,DENT,1,31.65,257.83,183.73,495.06,513.98,237.22,330.25,78344.06,1134.96,0.1913,376.45,348.86,0.718,tall,24793.65,High
2025-11-04 23:05:16,ContainerDamage_3458.jpg,ContainerDamage_3458,640,640,48.73,DENT,1,35.35,186.29,281.07,239.37,396.41,53.08,115.34,6121.93,336.84,0.0149,212.83,338.74,0.46,tall,2163.94,Low
2025-11-04 23:05:16,ContainerDamage_3458.jpg,ContainerDamage_3458,640,640,48.73,DENT,1,26.52,216.5,145.92,353.4,288.49,136.9,142.57,19518.14,558.94,0.0477,284.95,217.2,0.96,tall,5175.54,Low
2025-11-04 23:05:16,ContainerDamage_3460.jpg,ContainerDamage_3460,640,640,125.16,DENT,1,40.7,384.52,299.29,486.58,415.89,102.06,116.6,11900.42,437.33,0.0291,435.55,357.59,0.875,tall,4843.56,Low
2025-11-04 23:05:16,ContainerDamage_3461.jpg,ContainerDamage_3461,640,640,81.58,DENT,1,66.54,168.13,253.42,240.57,374.57,72.44,121.15,8775.5,387.17,0.0214,204.35,313.99,0.598,tall,5839.35,Low
2025-11-04 23:05:16,ContainerDamage_3461.jpg,ContainerDamage_3461,640,640,81.58,DENT,1,32.58,175.54,258.67,228.98,369.17,53.44,110.5,5905.41,327.89,0.0144,202.26,313.92,0.484,tall,1924.13,Low
2025-11-04 23:05:16,ContainerDamage_3461.jpg,ContainerDamage_3461,640,640,81.58,DENT,1,26.44,201.2,367.29,351.2,499.22,150.0,131.93,19789.2,563.86,0.0483,276.2,433.26,1.137,wide,5232.71,Low
2025-11-04 23:05:16,ContainerDamage_3462.jpg,ContainerDamage_3462,640,640,140.25,DENT,1,41.51,165.83,30.29,325.01,256.77,159.18,226.48,36051.3,771.32,0.088,245.42,143.53,0.703,tall,14963.23,High
2025-11-04 23:05:16,ContainerDamage_3462.jpg,ContainerDamage_3462,640,640,140.25,DENT,1,37.13,287.84,425.52,465.44,558.4,177.61,132.88,23600.36,620.97,0.0576,376.64,491.96,1.337,wide,8761.95,High
2025-11-04 23:05:16,ContainerDamage_3483.jpg,ContainerDamage_3483,640,640,174.78,DENT,1,58.44,25.39,163.5,209.49,341.17,184.11,177.67,32709.37,723.54,0.0799,117.44,252.34,1.036,wide,19116.44,High
2025-11-04 23:05:16,ContainerDamage_3483.jpg,ContainerDamage_3483,640,640,174.78,DENT,1,40.99,472.29,78.92,594.13,209.73,121.84,130.81,15937.93,505.3,0.0389,533.21,144.33,0.931,tall,6532.81,Low
2025-11-04 23:05:16,ContainerDamage_3483.jpg,ContainerDamage_3483,640,640,174.78,DENT,1,38.49,334.28,34.89,614.47,254.06,280.2,219.17,61409.06,998.72,0.1499,474.37,144.48,1.278,wide,23637.03,High
2025-11-04 23:05:16,ContainerDamage_3487.jpg,ContainerDamage_3487,640,640,116.26,DENT,1,50.16,53.62,346.54,135.22,420.08,81.6,73.54,6000.64,310.27,0.0147,94.42,383.31,1.11,wide,3009.8,Low
2025-11-04 23:05:16,ContainerDamage_3487.jpg,ContainerDamage_3487,640,640,116.26,DENT,1,37.51,145.64,160.98,206.05,216.78,60.41,55.8,3370.98,232.42,0.0082,175.85,188.88,1.083,wide,1264.6,Low
2025-11-04 23:05:16,ContainerDamage_3487.jpg,ContainerDamage_3487,640,640,116.26,DENT,1,31.98,138.32,140.46,208.46,221.04,70.14,80.58,5651.71,301.44,0.0138,173.39,180.75,0.87,tall,1807.21,Low
2025-11-04 23:05:16,ContainerDamage_3487.jpg,ContainerDamage_3487,640,640,116.26,DENT,1,30.76,449.76,123.06,589.62,276.26,139.86,153.2,21426.21,586.12,0.0523,519.69,199.66,0.913,tall,6591.03,High
2025-11-04 23:05:16,ContainerDamage_3487.jpg,ContainerDamage_3487,640,640,116.26,DENT,1,26.11,173.05,221.19,425.5,356.21,252.45,135.02,34086.17,774.94,0.0832,299.28,288.7,1.87,wide,8900.51,High
2025-11-04 23:05:16,ContainerDamage_3488.jpg,ContainerDamage_3488,640,640,35.61,DENT,1,45.88,469.72,185.25,606.79,313.38,137.07,128.13,17562.26,530.39,0.0429,538.26,249.31,1.07,wide,8057.95,Low
2025-11-04 23:05:16,ContainerDamage_3488.jpg,ContainerDamage_3488,640,640,35.61,DENT,1,42.25,41.27,284.03,119.75,347.11,78.49,63.09,4951.65,283.15,0.0121,80.51,315.57,1.244,wide,2091.94,Low
2025-11-04 23:05:16,ContainerDamage_3488.jpg,ContainerDamage_3488,640,640,35.61,DENT,1,38.12,159.16,207.71,465.84,320.07,306.69,112.36,34460.97,838.11,0.0841,312.5,263.89,2.729,wide,13135.27,High
2025-11-04 23:05:16,ContainerDamage_3488.jpg,ContainerDamage_3488,640,640,35.61,DENT,1,31.42,167.18,186.87,631.07,332.98,463.88,146.1,67774.8,1219.98,0.1655,399.12,259.93,3.175,wide,21294.01,High
2025-11-04 23:05:16,ContainerDamage_3488.jpg,ContainerDamage_3488,640,640,35.61,DENT,1,30.9,187.08,126.57,240.7,177.7,53.62,51.12,2741.34,209.49,0.0067,213.89,152.13,1.049,wide,847.18,Low
2025-11-04 23:05:16,ContainerDamage_3488.jpg,ContainerDamage_3488,640,640,35.61,DENT,1,25.43,183.53,116.58,243.5,182.65,59.97,66.07,3962.67,252.09,0.0097,213.52,149.61,0.908,tall,1007.56,Low
2025-11-04 23:05:16,ContainerDamage_3500.jpg,ContainerDamage_3500,640,640,35.99,DENT,1,30.61,194.37,294.47,423.58,539.44,229.21,244.97,56148.09,948.35,0.1371,308.98,416.95,0.936,tall,17184.19,High
2025-11-04 23:05:16,ContainerDamage_3513.jpg,ContainerDamage_3513,640,640,165.07,DENT,1,41.34,0.0,203.43,258.55,573.85,258.55,370.42,95772.4,1257.94,0.2338,129.28,388.64,0.698,tall,39595.02,High
2025-11-04 23:05:16,ContainerDamage_3513.jpg,ContainerDamage_3513,640,640,165.07,DENT,1,38.51,1.6,144.21,571.33,570.64,569.73,426.44,242955.31,1992.34,0.5932,286.46,357.42,1.336,wide,93550.16,High
2025-11-04 23:05:16,ContainerDamage_3515.jpg,ContainerDamage_3515,640,640,25.07,DENT,1,56.92,0.0,158.94,535.22,626.99,535.22,468.06,250513.41,2006.55,0.6116,267.61,392.97,1.144,wide,142582.33,High
2025-11-04 23:05:16,ContainerDamage_3535.jpg,ContainerDamage_3535,640,640,168.29,DENT,1,34.35,277.61,152.21,375.41,263.99,97.8,111.78,10931.48,419.15,0.0267,326.51,208.1,0.875,tall,3755.18,Low
2025-11-04 23:05:16,ContainerDamage_3548.jpg,ContainerDamage_3548,640,640,150.67,DENT,1,26.42,237.68,272.81,402.84,422.76,165.16,149.94,24764.76,630.21,0.0605,320.26,347.78,1.101,wide,6543.91,High
2025-11-04 23:05:16,ContainerDamage_3555.jpg,ContainerDamage_3555,640,640,171.77,DENT,1,47.49,6.62,102.49,119.41,344.36,112.79,241.86,27279.73,709.3,0.0666,63.02,223.42,0.466,tall,12954.52,High
2025-11-04 23:05:16,ContainerDamage_3555.jpg,ContainerDamage_3555,640,640,171.77,DENT,1,30.22,14.57,321.91,172.49,514.04,157.92,192.13,30341.39,700.1,0.0741,93.53,417.97,0.822,tall,9168.2,High
2025-11-04 23:05:17,ContainerDamage_3563.jpg,ContainerDamage_3563,640,640,35.19,DENT,1,52.25,136.11,2.68,590.26,461.86,454.15,459.18,208540.28,1826.68,0.5091,363.19,232.27,0.989,tall,108952.12,High
2025-11-04 23:05:17,ContainerDamage_3564.jpg,ContainerDamage_3564,640,640,150.95,DENT,1,27.38,167.31,187.65,537.11,461.56,369.81,273.91,101294.54,1287.44,0.2473,352.21,324.6,1.35,wide,27729.48,High
2025-11-04 23:05:17,ContainerDamage_3576.jpg,ContainerDamage_3576,640,640,95.24,DENT,1,44.25,110.88,137.06,633.99,623.39,523.11,486.32,254397.9,2018.86,0.6211,372.44,380.23,1.076,wide,112559.45,High
2025-11-04 23:05:17,ContainerDamage_359.jpg,ContainerDamage_359,640,640,40.49,DENT,1,35.11,233.88,217.24,392.7,441.7,158.82,224.46,35648.25,766.56,0.087,313.29,329.47,0.708,tall,12517.36,High
2025-11-04 23:05:17,ContainerDamage_359.jpg,ContainerDamage_359,640,640,40.49,DENT,1,26.57,243.94,232.09,295.62,413.99,51.68,181.9,9400.18,467.16,0.0229,269.78,323.04,0.284,tall,2497.6,Low
2025-11-04 23:05:17,ContainerDamage_3613.jpg,ContainerDamage_3613,640,640,63.34,DENT,1,69.59,2.91,21.22,505.78,604.82,502.87,583.6,293475.43,2172.94,0.7165,254.34,313.02,0.862,tall,204238.2,High
2025-11-04 23:05:17,ContainerDamage_3613.jpg,ContainerDamage_3613,640,640,63.34,DENT,1,35.55,136.13,28.52,292.65,176.63,156.51,148.11,23181.35,609.25,0.0566,214.39,102.58,1.057,wide,8240.93,High
2025-11-04 23:05:17,ContainerDamage_3613.jpg,ContainerDamage_3613,640,640,63.34,DENT,1,28.23,310.23,153.28,484.9,420.19,174.67,266.91,46619.5,883.14,0.1138,397.57,286.73,0.654,tall,13160.42,High
2025-11-04 23:05:17,ContainerDamage_3619.jpg,ContainerDamage_3619,640,640,88.89,DENT,1,38.81,60.21,160.81,492.67,560.9,432.46,400.09,173022.87,1665.1,0.4224,276.44,360.85,1.081,wide,67146.52,High
2025-11-04 23:05:17,ContainerDamage_3621.jpg,ContainerDamage_3621,640,640,160.6,DENT,1,62.35,153.13,122.36,464.03,504.82,310.9,382.46,118908.91,1386.73,0.2903,308.58,313.59,0.813,tall,74143.06,High
2025-11-04 23:05:17,ContainerDamage_3628.jpg,ContainerDamage_3628,640,640,154.33,DENT,1,53.1,142.14,202.63,551.33,561.01,409.19,358.38,146645.86,1535.14,0.358,346.73,381.82,1.142,wide,77865.53,High
2025-11-04 23:05:17,ContainerDamage_3645.jpg,ContainerDamage_3645,640,640,36.84,DENT,1,46.62,263.67,258.97,437.3,502.76,173.63,243.79,42330.13,834.85,0.1033,350.49,380.87,0.712,tall,19734.26,High
2025-11-04 23:05:17,ContainerDamage_3645.jpg,ContainerDamage_3645,640,640,36.84,DENT,1,32.07,451.15,105.47,486.49,219.51,35.34,114.04,4030.75,298.77,0.0098,468.82,162.49,0.31,tall,1292.48,Low
2025-11-04 23:05:17,ContainerDamage_3648.jpg,ContainerDamage_3648,640,640,110.09,DENT,1,44.43,204.77,187.45,551.87,546.48,347.1,359.03,124620.03,1412.26,0.3042,378.32,366.96,0.967,tall,55363.18,High
2025-11-04 23:05:17,ContainerDamage_3650.jpg,ContainerDamage_3650,640,640,170.09,DENT,1,27.14,173.97,98.91,519.76,515.97,345.79,417.06,144214.61,1525.7,0.3521,346.87,307.44,0.829,tall,39136.47,High
2025-11-04 23:05:17,ContainerDamage_3654.jpg,ContainerDamage_3654,640,640,173.84,DENT,1,38.0,180.48,355.64,338.51,586.58,158.03,230.94,36495.72,777.94,0.0891,259.5,471.11,0.684,tall,13869.57,High
2025-11-04 23:05:17,ContainerDamage_3657.jpg,ContainerDamage_3657,640,640,35.18,DENT,1,40.69,294.09,332.39,426.58,502.42,132.48,170.03,22526.65,605.03,0.055,360.34,417.4,0.779,tall,9165.55,High
2025-11-04 23:05:17,ContainerDamage_3666.jpg,ContainerDamage_3666,640,640,90.94,DENT,1,41.54,170.86,75.68,477.97,540.55,307.11,464.87,142767.56,1543.97,0.3486,324.41,308.12,0.661,tall,59301.93,High
2025-11-04 23:05:17,ContainerDamage_3666.jpg,ContainerDamage_3666,640,640,90.94,DENT,1,41.3,285.16,395.61,408.7,502.76,123.55,107.15,13237.93,461.39,0.0323,346.93,449.19,1.153,wide,5466.95,Low
2025-11-04 23:05:17,ContainerDamage_3672.jpg,ContainerDamage_3672,640,640,43.15,DENT,1,49.54,224.28,218.8,385.99,445.08,161.71,226.28,36593.2,776.0,0.0893,305.13,331.94,0.715,tall,18128.56,High
2025-11-04 23:05:17,ContainerDamage_3686.jpg,ContainerDamage_3686,640,640,30.86,DENT,1,55.5,189.61,105.84,316.8,290.97,127.2,185.13,23548.03,624.65,0.0575,253.21,198.41,0.687,tall,13069.24,High
2025-11-04 23:05:17,ContainerDamage_3686.jpg,ContainerDamage_3686,640,640,30.86,DENT,1,48.88,369.4,73.09,469.83,303.51,100.44,230.42,23142.82,661.72,0.0565,419.61,188.3,0.436,tall,11313.08,High
2025-11-04 23:05:17,ContainerDamage_3686.jpg,ContainerDamage_3686,640,640,30.86,DENT,1,42.27,319.97,376.08,399.9,494.69,79.92,118.61,9479.51,397.06,0.0231,359.94,435.38,0.674,tall,4007.44,Low
2025-11-04 23:05:17,ContainerDamage_3686.jpg,ContainerDamage_3686,640,640,30.86,DENT,1,36.73,168.24,77.82,511.44,634.77,343.2,556.95,191144.7,1800.3,0.4667,339.84,356.29,0.616,tall,70216.15,High
2025-11-04 23:05:17,ContainerDamage_3700.jpg,ContainerDamage_3700,640,640,141.35,DENT,1,53.43,168.5,252.49,270.5,362.66,102.0,110.16,11236.19,424.32,0.0274,219.5,307.57,0.926,tall,6003.13,Low
2025-11-04 23:05:17,ContainerDamage_3700.jpg,ContainerDamage_3700,640,640,141.35,DENT,1,27.99,61.55,415.99,176.41,490.65,114.86,74.66,8574.98,379.03,0.0209,118.98,453.32,1.539,wide,2400.43,Low
2025-11-04 23:05:17,ContainerDamage_3700.jpg,ContainerDamage_3700,640,640,141.35,DENT,1,27.39,408.53,338.32,541.05,457.29,132.51,118.97,15765.52,502.97,0.0385,474.79,397.8,1.114,wide,4317.96,Low
2025-11-04 23:05:17,ContainerDamage_3705.jpg,ContainerDamage_3705,640,640,131.12,DENT,1,52.32,129.97,276.38,217.77,402.44,87.8,126.05,11067.74,427.71,0.027,173.87,339.41,0.697,tall,5791.12,Low
2025-11-04 23:05:17,ContainerDamage_3705.jpg,ContainerDamage_3705,640,640,131.12,DENT,1,42.67,502.64,339.48,639.42,544.52,136.78,205.04,28045.67,683.64,0.0685,571.03,442.0,0.667,tall,11967.41,High
2025-11-04 23:05:17,ContainerDamage_3705.jpg,ContainerDamage_3705,640,640,131.12,DENT,1,27.24,234.42,280.45,476.4,470.21,241.98,189.75,45917.28,863.47,0.1121,355.41,375.33,1.275,wide,12506.15,High
2025-11-04 23:05:17,ContainerDamage_3713.jpg,ContainerDamage_3713,640,640,167.07,DENT,1,50.31,477.98,342.98,625.14,518.43,147.16,175.45,25818.79,645.21,0.063,551.56,430.71,0.839,tall,12989.16,High
2025-11-04 23:05:17,ContainerDamage_3713.jpg,ContainerDamage_3713,640,640,167.07,DENT,1,29.5,454.65,105.42,547.08,189.43,92.43,84.02,7765.76,352.9,0.019,500.87,147.43,1.1,wide,2291.22,Low
2025-11-04 23:05:17,ContainerDamage_3715.jpg,ContainerDamage_3715,640,640,35.86,DENT,1,42.63,416.78,392.97,483.11,479.42,66.33,86.45,5734.59,305.57,0.014,449.95,436.19,0.767,tall,2444.65,Low
2025-11-04 23:05:17,ContainerDamage_3715.jpg,ContainerDamage_3715,640,640,35.86,DENT,1,27.79,13.59,308.61,175.37,502.25,161.78,193.64,31326.53,710.83,0.0765,94.48,405.43,0.835,tall,8704.59,High
2025-11-04 23:05:17,ContainerDamage_380.jpg,ContainerDamage_380,640,640,160.38,DENT,1,41.9,6.15,41.91,535.95,606.47,529.8,564.56,299101.84,2188.71,0.7302,271.05,324.19,0.938,tall,125333.49,High
2025-11-04 23:05:17,ContainerDamage_389.jpg,ContainerDamage_389,640,640,159.91,DENT,1,48.66,1.87,313.88,259.32,607.16,257.45,293.28,75505.42,1101.46,0.1843,130.6,460.52,0.878,tall,36738.51,High
2025-11-04 23:05:17,ContainerDamage_404.jpg,ContainerDamage_404,640,640,15.13,DENT,1,25.04,164.3,302.5,389.08,463.55,224.77,161.05,36200.0,771.65,0.0884,276.69,383.03,1.396,wide,9064.06,High
2025-11-04 23:05:17,ContainerDamage_426.jpg,ContainerDamage_426,640,640,144.06,DENT,1,39.02,322.92,0.81,491.09,622.85,168.17,622.04,104609.37,1580.42,0.2554,407.0,311.83,0.27,tall,40816.65,High
2025-11-04 23:05:17,ContainerDamage_428.jpg,ContainerDamage_428,640,640,67.21,DENT,1,26.69,192.47,446.3,259.4,637.45,66.93,191.15,12793.65,516.16,0.0312,225.93,541.87,0.35,tall,3415.1,Low
2025-11-04 23:05:17,ContainerDamage_44.jpg,ContainerDamage_44,640,640,53.34,DENT,1,33.64,85.91,98.85,340.91,429.74,255.01,330.89,84378.74,1171.79,0.206,213.41,264.29,0.771,tall,28383.56,High
2025-11-04 23:05:17,ContainerDamage_463.jpg,ContainerDamage_463,640,640,162.0,DENT,1,39.63,189.24,199.48,395.86,466.98,206.62,267.5,55269.78,948.23,0.1349,292.55,333.23,0.772,tall,21903.08,High
2025-11-04 23:05:17,ContainerDamage_479.jpg,ContainerDamage_479,640,640,28.48,DENT,1,45.77,214.31,203.56,545.26,378.46,330.95,174.91,57885.44,1011.71,0.1413,379.78,291.01,1.892,wide,26493.42,High
2025-11-04 23:05:17,ContainerDamage_479.jpg,ContainerDamage_479,640,640,28.48,DENT,1,37.82,317.29,110.34,537.7,212.32,220.41,101.98,22476.66,644.77,0.0549,427.5,161.33,2.161,wide,8499.64,High
2025-11-04 23:05:17,ContainerDamage_479.jpg,ContainerDamage_479,640,640,28.48,DENT,1,28.61,1.06,255.5,159.53,338.66,158.47,83.16,13178.4,483.26,0.0322,80.29,297.08,1.906,wide,3770.57,Low
2025-11-04 23:05:17,ContainerDamage_479.jpg,ContainerDamage_479,640,640,28.48,DENT,1,28.5,211.13,235.36,553.49,347.9,342.36,112.54,38528.96,909.79,0.0941,382.31,291.63,3.042,wide,10979.37,High
2025-11-04 23:05:17,ContainerDamage_479.jpg,ContainerDamage_479,640,640,28.48,DENT,1,27.14,210.68,138.25,542.73,403.77,332.05,265.52,88166.98,1195.15,0.2153,376.71,271.01,1.251,wide,23924.76,High
2025-11-04 23:05:17,ContainerDamage_479.jpg,ContainerDamage_479,640,640,28.48,DENT,1,25.99,528.88,445.37,607.15,520.68,78.27,75.31,5894.06,307.15,0.0144,568.01,483.03,1.039,wide,1531.72,Low
2025-11-04 23:05:17,ContainerDamage_49.jpg,ContainerDamage_49,640,640,41.65,DENT,1,46.29,121.78,519.33,422.8,581.75,301.02,62.42,18789.66,726.88,0.0459,272.29,550.54,4.822,wide,8697.4,Low
2025-11-04 23:05:17,ContainerDamage_51.jpg,ContainerDamage_51,640,640,159.12,DENT,1,39.66,141.48,511.07,445.45,600.09,303.98,89.03,27061.5,786.0,0.0661,293.47,555.58,3.414,wide,10733.31,High
2025-11-04 23:05:17,ContainerDamage_531.jpg,ContainerDamage_531,640,640,144.05,DENT,1,31.17,102.61,0.99,257.3,127.96,154.68,126.98,19640.91,563.32,0.048,179.96,64.48,1.218,wide,6122.88,Low
2025-11-04 23:05:17,ContainerDamage_539.jpg,ContainerDamage_539,640,640,41.21,DENT,1,54.01,369.43,205.25,453.44,294.04,84.01,88.79,7459.15,345.6,0.0182,411.43,249.65,0.946,tall,4028.61,Low
2025-11-04 23:05:17,ContainerDamage_539.jpg,ContainerDamage_539,640,640,41.21,DENT,1,42.75,117.92,360.14,292.66,439.56,174.73,79.43,13878.32,508.32,0.0339,205.29,399.85,2.2,wide,5932.34,Low
2025-11-04 23:05:17,ContainerDamage_632.jpg,ContainerDamage_632,640,640,159.13,DENT,1,25.01,33.46,19.23,429.57,402.27,396.11,383.04,151727.42,1558.31,0.3704,231.52,210.75,1.034,wide,37941.73,High
2025-11-04 23:05:17,ContainerDamage_653.jpg,ContainerDamage_653,640,640,24.95,DENT,1,25.24,57.15,341.59,403.77,617.04,346.62,275.45,95477.23,1244.14,0.2331,230.46,479.31,1.258,wide,24093.84,High
2025-11-04 23:05:17,ContainerDamage_686.jpg,ContainerDamage_686,640,640,48.79,DENT,1,68.54,179.94,438.21,292.87,584.86,112.93,146.65,16561.68,519.17,0.0404,236.41,511.54,0.77,tall,11351.63,Low
2025-11-04 23:05:17,ContainerDamage_690.jpg,ContainerDamage_690,640,640,37.32,DENT,1,54.02,206.57,92.28,402.02,391.56,195.45,299.28,58494.25,989.46,0.1428,304.3,241.92,0.653,tall,31599.32,High
2025-11-04 23:05:17,ContainerDamage_702.jpg,ContainerDamage_702,640,640,35.55,DENT,1,52.43,495.32,547.1,603.51,598.19,108.19,51.09,5528.01,318.57,0.0135,549.42,572.65,2.117,wide,2898.2,Low
2025-11-04 23:05:17,ContainerDamage_706.jpg,ContainerDamage_706,640,640,119.92,DENT,1,33.46,22.4,205.1,110.73,323.53,88.33,118.43,10461.48,413.53,0.0255,66.57,264.31,0.746,tall,3500.87,Low
2025-11-04 23:05:17,ContainerDamage_706.jpg,ContainerDamage_706,640,640,119.92,DENT,1,31.74,364.8,313.93,472.62,545.49,107.82,231.56,24966.83,678.76,0.061,418.71,429.71,0.466,tall,7924.11,High
2025-11-04 23:05:17,ContainerDamage_706.jpg,ContainerDamage_706,640,640,119.92,DENT,1,31.66,11.54,194.55,120.63,334.41,109.08,139.86,15256.1,497.88,0.0372,66.08,264.48,0.78,tall,4830.06,Low
2025-11-04 23:05:17,ContainerDamage_712.jpg,ContainerDamage_712,640,640,15.1,DENT,1,38.97,0.0,410.62,371.71,525.43,371.71,114.81,42675.14,973.03,0.1042,185.85,468.03,3.238,wide,16632.1,High
2025-11-04 23:05:17,ContainerDamage_712.jpg,ContainerDamage_712,640,640,15.1,DENT,1,28.86,125.99,399.14,385.65,498.91,259.67,99.77,25905.98,718.87,0.0632,255.82,449.03,2.603,wide,7476.62,High
2025-11-04 23:05:17,ContainerDamage_730.jpg,ContainerDamage_730,640,640,81.67,DENT,1,29.94,279.76,63.76,623.98,385.49,344.22,321.73,110746.96,1331.91,0.2704,451.87,224.62,1.07,wide,33160.45,High
2025-11-04 23:05:17,ContainerDamage_732.jpg,ContainerDamage_732,640,640,162.71,DENT,1,41.49,261.78,254.64,495.16,637.79,233.38,383.14,89418.93,1233.05,0.2183,378.47,446.21,0.609,tall,37102.68,High
2025-11-04 23:05:17,ContainerDamage_769.jpg,ContainerDamage_769,640,640,34.72,DENT,1,65.21,205.54,174.31,317.12,213.59,111.58,39.28,4383.02,301.72,0.0107,261.33,193.95,2.841,wide,2857.96,Low
2025-11-04 23:05:17,ContainerDamage_769.jpg,ContainerDamage_769,640,640,34.72,DENT,1,50.9,309.22,375.86,621.92,458.22,312.7,82.36,25753.1,790.12,0.0629,465.57,417.04,3.797,wide,13108.54,High
2025-11-04 23:05:17,ContainerDamage_769.jpg,ContainerDamage_769,640,640,34.72,DENT,1,40.55,431.56,393.77,597.83,450.19,166.27,56.43,9381.88,445.38,0.0229,514.7,421.98,2.947,wide,3804.17,Low
2025-11-04 23:05:17,ContainerDamage_769.jpg,ContainerDamage_769,640,640,34.72,DENT,1,37.63,91.16,234.26,320.43,286.96,229.27,52.71,12084.06,563.95,0.0295,205.79,260.61,4.35,wide,4547.44,Low
2025-11-04 23:05:17,ContainerDamage_769.jpg,ContainerDamage_769,640,640,34.72,DENT,1,26.25,368.06,386.54,596.33,449.59,228.28,63.05,14392.34,582.65,0.0351,482.2,418.07,3.621,wide,3777.68,Low
2025-11-04 23:05:17,ContainerDamage_769.jpg,ContainerDamage_769,640,640,34.72,DENT,1,25.16,316.91,388.29,410.47,454.4,93.56,66.11,6185.48,319.35,0.0151,363.69,421.35,1.415,wide,1556.05,Low
2025-11-04 23:05:17,ContainerDamage_800.jpg,ContainerDamage_800,640,640,160.39,DENT,1,38.67,339.0,382.29,502.69,638.98,163.7,256.7,42020.39,840.79,0.1026,420.84,510.63,0.638,tall,16249.96,High
2025-11-04 23:05:17,ContainerDamage_834.jpg,ContainerDamage_834,640,640,135.37,DENT,1,44.24,386.64,20.89,637.36,297.81,250.72,276.92,69428.47,1055.27,0.1695,512.0,159.35,0.905,tall,30712.07,High
2025-11-04 23:05:17,ContainerDamage_84.jpg,ContainerDamage_84,640,640,30.32,DENT,1,28.9,12.32,346.44,289.38,485.22,277.05,138.78,38449.14,831.66,0.0939,150.85,415.83,1.996,wide,11112.43,High
2025-11-04 23:05:17,ContainerDamage_852.jpg,ContainerDamage_852,640,640,81.25,DENT,1,33.24,95.74,1.24,451.34,405.83,355.6,404.59,143871.72,1520.38,0.3512,273.54,203.53,0.879,tall,47817.3,High
2025-11-04 23:05:17,ContainerDamage_868.jpg,ContainerDamage_868,640,640,83.63,DENT,1,52.69,256.12,33.68,639.79,506.88,383.67,473.2,181555.03,1713.75,0.4432,447.95,270.28,0.811,tall,95664.57,High
2025-11-04 23:05:17,ContainerDamage_874.jpg,ContainerDamage_874,640,640,175.77,DENT,1,65.76,176.26,2.69,284.41,119.78,108.15,117.09,12663.22,450.48,0.0309,230.34,61.24,0.924,tall,8327.8,Low
2025-11-04 23:05:17,ContainerDamage_874.jpg,ContainerDamage_874,640,640,175.77,DENT,1,65.01,111.33,289.32,350.43,637.86,239.09,348.54,83333.48,1175.27,0.2035,230.88,463.59,0.686,tall,54177.44,High
2025-11-04 23:05:17,ContainerDamage_874.jpg,ContainerDamage_874,640,640,175.77,DENT,1,30.91,166.18,305.6,322.59,506.78,156.41,201.18,31466.0,715.18,0.0768,244.38,406.19,0.777,tall,9724.88,High
2025-11-04 23:05:17,ContainerDamage_886.jpg,ContainerDamage_886,640,640,169.52,DAMAGE - RUST,2,69.13,311.92,451.92,343.84,520.18,31.91,68.27,2178.61,200.36,0.0053,327.88,486.05,0.467,tall,1506.03,Low
2025-11-04 23:05:17,ContainerDamage_886.jpg,ContainerDamage_886,640,640,169.52,DAMAGE - RUST,2,48.61,299.8,450.95,349.67,516.54,49.87,65.6,3271.16,230.93,0.008,324.74,483.74,0.76,tall,1589.98,Low
2025-11-04 23:05:17,ContainerDamage_886.jpg,ContainerDamage_886,640,640,169.52,DAMAGE - RUST,2,39.13,356.21,102.22,462.45,549.67,106.24,447.44,47538.69,1107.38,0.1161,409.33,325.94,0.237,tall,18603.38,High
2025-11-04 23:05:17,ContainerDamage_886.jpg,ContainerDamage_886,640,640,169.52,DAMAGE - RUST,2,38.76,376.61,246.03,474.64,555.44,98.03,309.41,30332.64,814.89,0.0741,425.63,400.74,0.317,tall,11756.54,High
2025-11-04 23:05:17,ContainerDamage_886.jpg,ContainerDamage_886,640,640,169.52,DAMAGE - RUST,2,30.18,150.47,263.34,431.57,368.05,281.1,104.71,29434.58,771.63,0.0719,291.02,315.7,2.685,wide,8883.71,High
2025-11-04 23:05:17,ContainerDamage_940.jpg,ContainerDamage_940,640,640,147.15,DAMAGE - RUST,2,30.99,310.56,2.31,489.24,211.94,178.68,209.62,37455.67,776.61,0.0914,399.9,107.13,0.852,tall,11607.98,High
2025-11-04 23:05:17,ContainerDamage_943.jpg,ContainerDamage_943,640,640,158.94,DAMAGE - RUST,2,39.46,254.56,327.54,559.8,615.25,305.25,287.71,87820.9,1185.9,0.2144,407.18,471.39,1.061,wide,34654.26,High
2025-11-04 23:05:17,ContainerDamage_95.jpg,ContainerDamage_95,640,640,29.42,DENT,1,88.31,136.52,538.21,217.58,609.09,81.06,70.89,5746.49,303.9,0.014,177.05,573.65,1.144,wide,5074.69,Low
2025-11-04 23:05:17,ContainerDamage_953.jpg,ContainerDamage_953,640,640,118.19,DENT,1,25.87,350.98,1.4,528.06,184.1,177.08,182.71,32353.72,719.57,0.079,439.52,92.75,0.969,tall,8368.56,High
2025-11-04 23:05:17,ContainerDamage_956.jpg,ContainerDamage_956,640,640,89.71,DENT,1,41.78,130.28,453.58,331.06,594.19,200.78,140.61,28231.13,682.77,0.0689,230.67,523.88,1.428,wide,11795.76,High
2025-11-04 23:05:17,ContainerDamage_956.jpg,ContainerDamage_956,640,640,89.71,DENT,1,34.91,136.85,456.84,327.36,551.48,190.51,94.64,18030.87,570.31,0.044,232.11,504.16,2.013,wide,6293.89,Low
2025-11-04 23:05:17,ContainerDamage_959.jpg,ContainerDamage_959,640,640,23.44,DENT,1,51.35,334.34,254.89,640.0,402.03,305.66,147.14,44973.44,905.59,0.1098,487.17,328.46,2.077,wide,23093.91,High
2025-11-04 23:05:17,ContainerDamage_986.jpg,ContainerDamage_986,640,640,172.75,DENT,1,30.3,52.96,203.42,324.37,490.66,271.4,287.24,77956.72,1117.28,0.1903,188.67,347.04,0.945,tall,23618.13,High
2025-11-04 23:05:17,DamageCon1.png,DamageCon1,1024,576,78.9,DAMAGE - RUST,2,64.62,487.14,215.03,527.76,312.54,40.61,97.5,3959.85,276.23,0.0067,507.45,263.78,0.417,tall,2559.0,Low
2025-11-04 23:05:17,DamageCon1.png,DamageCon1,1024,576,78.9,DAMAGE - RUST,2,31.89,569.46,412.88,620.78,468.2,51.31,55.33,2839.03,213.28,0.0048,595.12,440.54,0.927,tall,905.33,Low
2025-11-04 23:05:17,DamageCon2.png,DamageCon2,1024,576,67.65,DAMAGE - DEFRAME,0,50.96,199.73,15.21,405.88,543.6,206.15,528.39,108926.19,1469.08,0.1847,302.81,279.41,0.39,tall,55512.23,High
2025-11-04 23:05:17,DamageCon3.png,DamageCon3,900,600,78.38,DENT,1,27.13,269.59,283.94,534.37,365.49,264.78,81.56,21594.83,692.67,0.04,401.98,324.71,3.246,wide,5857.8,High
2025-11-04 23:05:17,DamageCon4.png,DamageCon4,1270,720,110.26,DAMAGE - RUST,2,41.93,47.23,596.96,92.13,665.8,44.9,68.84,3090.75,227.47,0.0034,69.68,631.38,0.652,tall,1295.9,Low
2025-11-04 23:05:17,DamageCon4.png,DamageCon4,1270,720,110.26,DAMAGE - RUST,2,29.04,402.73,260.19,472.7,670.25,69.97,410.06,28693.74,960.07,0.0314,437.72,465.22,0.171,tall,8332.21,High
2025-11-04 23:05:17,DamageCon4.png,DamageCon4,1270,720,110.26,DAMAGE - RUST,2,28.65,40.36,589.89,96.29,685.7,55.94,95.81,5359.67,303.5,0.0059,68.32,637.79,0.584,tall,1535.35,Low
2025-11-04 23:05:17,DamageCon4.png,DamageCon4,1270,720,110.26,DAMAGE - RUST,2,26.29,949.91,546.52,1022.42,648.36,72.51,101.84,7384.19,348.69,0.0081,986.17,597.44,0.712,tall,1940.94,Low
